# x	y	u	v	flags	mask
2.0979e-01	3.7762e+00	1.0814e+00	1.1653e-01	0.0000e+00	0.0000e+00
4.1957e-01	3.7762e+00	1.1181e+00	1.0370e-01	0.0000e+00	0.0000e+00
6.2936e-01	3.7762e+00	1.1350e+00	9.4872e-02	1.0000e+00	0.0000e+00
8.3915e-01	3.7762e+00	1.1550e+00	6.1245e-02	0.0000e+00	0.0000e+00
1.0489e+00	3.7762e+00	1.1634e+00	7.2194e-02	0.0000e+00	0.0000e+00
1.2587e+00	3.7762e+00	1.1472e+00	2.6137e-02	0.0000e+00	0.0000e+00
1.4685e+00	3.7762e+00	1.1580e+00	3.6663e-02	0.0000e+00	0.0000e+00
1.6783e+00	3.7762e+00	1.1336e+00	2.0169e-02	0.0000e+00	0.0000e+00
1.8881e+00	3.7762e+00	1.1602e+00	3.1532e-03	0.0000e+00	0.0000e+00
2.0979e+00	3.7762e+00	1.1615e+00	-2.5784e-02	0.0000e+00	0.0000e+00
2.3077e+00	3.7762e+00	1.1627e+00	-8.6013e-02	0.0000e+00	0.0000e+00
2.5174e+00	3.7762e+00	1.1008e+00	-4.9218e-02	0.0000e+00	0.0000e+00
2.7272e+00	3.7762e+00	1.1202e+00	-8.7188e-02	0.0000e+00	0.0000e+00
2.9370e+00	3.7762e+00	1.0920e+00	-1.3078e-01	0.0000e+00	0.0000e+00
3.1468e+00	3.7762e+00	1.1171e+00	-1.0567e-01	0.0000e+00	0.0000e+00
3.3566e+00	3.7762e+00	1.0825e+00	-1.6013e-01	0.0000e+00	0.0000e+00
3.5664e+00	3.7762e+00	1.0559e+00	-1.5747e-01	0.0000e+00	0.0000e+00
3.7762e+00	3.7762e+00	1.0023e+00	-1.5459e-01	0.0000e+00	0.0000e+00
3.9859e+00	3.7762e+00	9.9155e-01	-1.2876e-01	0.0000e+00	0.0000e+00
4.1957e+00	3.7762e+00	1.0135e+00	-1.7190e-01	0.0000e+00	0.0000e+00
4.4055e+00	3.7762e+00	9.6869e-01	-1.2770e-01	0.0000e+00	0.0000e+00
4.6153e+00	3.7762e+00	9.3171e-01	-8.9713e-02	0.0000e+00	0.0000e+00
4.8251e+00	3.7762e+00	9.0010e-01	-1.0732e-01	0.0000e+00	0.0000e+00
5.0349e+00	3.7762e+00	8.6631e-01	-8.1303e-02	0.0000e+00	0.0000e+00
5.2447e+00	3.7762e+00	8.3107e-01	-8.6507e-02	0.0000e+00	0.0000e+00
5.4545e+00	3.7762e+00	8.3911e-01	-4.2814e-02	0.0000e+00	0.0000e+00
5.6642e+00	3.7762e+00	8.3387e-01	-1.4865e-02	0.0000e+00	0.0000e+00
5.8740e+00	3.7762e+00	8.3533e-01	2.8745e-02	0.0000e+00	0.0000e+00
6.0838e+00	3.7762e+00	8.4736e-01	7.0824e-02	0.0000e+00	0.0000e+00
6.2936e+00	3.7762e+00	8.2316e-01	1.0860e-01	0.0000e+00	0.0000e+00
6.5034e+00	3.7762e+00	8.3045e-01	1.7068e-01	0.0000e+00	0.0000e+00
6.7132e+00	3.7762e+00	8.6275e-01	1.7861e-01	0.0000e+00	0.0000e+00
6.9230e+00	3.7762e+00	8.9260e-01	1.9207e-01	0.0000e+00	0.0000e+00
7.1327e+00	3.7762e+00	9.0695e-01	2.3954e-01	0.0000e+00	0.0000e+00
7.3425e+00	3.7762e+00	9.4696e-01	1.9796e-01	0.0000e+00	0.0000e+00
7.5523e+00	3.7762e+00	1.0253e+00	2.4296e-01	0.0000e+00	0.0000e+00
7.7621e+00	3.7762e+00	1.0481e+00	2.0136e-01	0.0000e+00	0.0000e+00
7.9719e+00	3.7762e+00	1.0387e+00	1.7884e-01	0.0000e+00	0.0000e+00
8.1817e+00	3.7762e+00	1.0953e+00	1.0448e-01	0.0000e+00	0.0000e+00
8.3915e+00	3.7762e+00	1.1288e+00	5.8496e-02	0.0000e+00	0.0000e+00
8.6012e+00	3.7762e+00	1.1205e+00	-7.5948e-03	0.0000e+00	0.0000e+00
8.8110e+00	3.7762e+00	1.1360e+00	-9.2605e-02	0.0000e+00	0.0000e+00
9.0208e+00	3.7762e+00	1.1260e+00	-1.0356e-01	0.0000e+00	0.0000e+00
9.2306e+00	3.7762e+00	1.1197e+00	-8.9355e-02	0.0000e+00	0.0000e+00
9.4404e+00	3.7762e+00	1.0359e+00	-1.6975e-01	1.0000e+00	0.0000e+00
9.6502e+00	3.7762e+00	1.0664e+00	-1.9008e-01	0.0000e+00	0.0000e+00
9.8600e+00	3.7762e+00	1.0065e+00	-1.6618e-01	0.0000e+00	0.0000e+00
1.0070e+01	3.7762e+00	9.5420e-01	-1.4868e-01	0.0000e+00	0.0000e+00
1.0280e+01	3.7762e+00	9.6962e-01	-1.4491e-01	0.0000e+00	0.0000e+00
1.0489e+01	3.7762e+00	9.3437e-01	-1.4111e-01	0.0000e+00	0.0000e+00
1.0699e+01	3.7762e+00	9.1313e-01	-1.1785e-01	0.0000e+00	0.0000e+00
1.0909e+01	3.7762e+00	9.4783e-01	-7.6176e-02	0.0000e+00	0.0000e+00
1.1119e+01	3.7762e+00	8.9902e-01	-6.7054e-02	0.0000e+00	0.0000e+00
1.1328e+01	3.7762e+00	8.8712e-01	-6.1490e-02	0.0000e+00	0.0000e+00
1.1538e+01	3.7762e+00	8.4044e-01	-3.1946e-02	0.0000e+00	0.0000e+00
1.1748e+01	3.7762e+00	8.6365e-01	7.7148e-03	0.0000e+00	0.0000e+00
1.1958e+01	3.7762e+00	8.6466e-01	2.9724e-02	0.0000e+00	0.0000e+00
1.2168e+01	3.7762e+00	8.7917e-01	2.6774e-02	0.0000e+00	0.0000e+00
1.2377e+01	3.7762e+00	8.7058e-01	5.7615e-02	0.0000e+00	0.0000e+00
1.2587e+01	3.7762e+00	8.4749e-01	5.8792e-02	0.0000e+00	0.0000e+00
1.2797e+01	3.7762e+00	8.6267e-01	8.6434e-02	0.0000e+00	0.0000e+00
1.3007e+01	3.7762e+00	8.8071e-01	8.9972e-02	0.0000e+00	0.0000e+00
1.3217e+01	3.7762e+00	8.9397e-01	1.0819e-01	0.0000e+00	0.0000e+00
1.3426e+01	3.7762e+00	8.7707e-01	8.3132e-02	0.0000e+00	0.0000e+00
1.3636e+01	3.7762e+00	8.8745e-01	7.8301e-02	0.0000e+00	0.0000e+00
1.3846e+01	3.7762e+00	9.1697e-01	9.4219e-02	0.0000e+00	0.0000e+00
1.4056e+01	3.7762e+00	9.5147e-01	5.4524e-02	0.0000e+00	0.0000e+00
1.4265e+01	3.7762e+00	9.5737e-01	7.1571e-02	0.0000e+00	0.0000e+00
1.4475e+01	3.7762e+00	9.7097e-01	4.8837e-02	0.0000e+00	0.0000e+00
1.4685e+01	3.7762e+00	9.5265e-01	6.5301e-04	0.0000e+00	0.0000e+00
1.4895e+01	3.7762e+00	9.7530e-01	-2.6383e-03	0.0000e+00	0.0000e+00
1.5105e+01	3.7762e+00	9.7224e-01	-3.6726e-02	0.0000e+00	0.0000e+00
1.5314e+01	3.7762e+00	9.7679e-01	-2.6076e-02	0.0000e+00	0.0000e+00
1.5524e+01	3.7762e+00	1.0029e+00	-6.6384e-02	0.0000e+00	0.0000e+00
1.5734e+01	3.7762e+00	1.0174e+00	-7.3838e-02	0.0000e+00	0.0000e+00
1.5944e+01	3.7762e+00	9.8864e-01	-6.4783e-02	0.0000e+00	0.0000e+00
1.6154e+01	3.7762e+00	9.8488e-01	-8.9532e-02	0.0000e+00	0.0000e+00
1.6363e+01	3.7762e+00	9.6339e-01	-8.4470e-02	0.0000e+00	0.0000e+00
1.6573e+01	3.7762e+00	9.7442e-01	-5.7428e-02	0.0000e+00	0.0000e+00
1.6783e+01	3.7762e+00	9.4452e-01	-1.3117e-01	0.0000e+00	0.0000e+00
1.6993e+01	3.7762e+00	9.5661e-01	-3.7227e-02	0.0000e+00	0.0000e+00
1.7202e+01	3.7762e+00	9.6563e-01	-2.7076e-02	0.0000e+00	0.0000e+00
1.7412e+01	3.7762e+00	9.3526e-01	-6.1301e-02	0.0000e+00	0.0000e+00
1.7622e+01	3.7762e+00	9.1567e-01	-4.2159e-02	0.0000e+00	0.0000e+00
1.7832e+01	3.7762e+00	9.4845e-01	-3.3422e-02	0.0000e+00	0.0000e+00
1.8042e+01	3.7762e+00	9.2984e-01	-3.0101e-02	0.0000e+00	0.0000e+00
1.8251e+01	3.7762e+00	9.3315e-01	-1.9033e-02	0.0000e+00	0.0000e+00
1.8461e+01	3.7762e+00	9.3402e-01	-6.1769e-02	0.0000e+00	0.0000e+00
1.8671e+01	3.7762e+00	9.3848e-01	1.0084e-02	0.0000e+00	0.0000e+00
1.8881e+01	3.7762e+00	9.2698e-01	4.9938e-02	0.0000e+00	0.0000e+00
1.9091e+01	3.7762e+00	9.1730e-01	1.6970e-02	0.0000e+00	0.0000e+00
1.9300e+01	3.7762e+00	9.3793e-01	1.6731e-02	0.0000e+00	0.0000e+00
1.9510e+01	3.7762e+00	8.9900e-01	8.9905e-03	0.0000e+00	0.0000e+00
1.9720e+01	3.7762e+00	9.0751e-01	1.9623e-02	0.0000e+00	0.0000e+00
2.0979e-01	3.5664e+00	1.0824e+00	1.3337e-01	0.0000e+00	0.0000e+00
4.1957e-01	3.5664e+00	1.1557e+00	1.0202e-01	0.0000e+00	0.0000e+00
6.2936e-01	3.5664e+00	1.1251e+00	1.1670e-01	0.0000e+00	0.0000e+00
8.3915e-01	3.5664e+00	1.1558e+00	1.0148e-01	0.0000e+00	0.0000e+00
1.0489e+00	3.5664e+00	1.0587e+00	5.6208e-02	0.0000e+00	0.0000e+00
1.2587e+00	3.5664e+00	1.1838e+00	3.2161e-02	0.0000e+00	0.0000e+00
1.4685e+00	3.5664e+00	1.1643e+00	9.3346e-03	0.0000e+00	0.0000e+00
1.6783e+00	3.5664e+00	1.1512e+00	2.7396e-02	0.0000e+00	0.0000e+00
1.8881e+00	3.5664e+00	1.1567e+00	-2.5478e-03	0.0000e+00	0.0000e+00
2.0979e+00	3.5664e+00	1.1809e+00	-2.6520e-02	0.0000e+00	0.0000e+00
2.3077e+00	3.5664e+00	1.1967e+00	-3.0445e-02	0.0000e+00	0.0000e+00
2.5174e+00	3.5664e+00	1.1662e+00	-6.3549e-02	0.0000e+00	0.0000e+00
2.7272e+00	3.5664e+00	1.1560e+00	-9.8669e-02	0.0000e+00	0.0000e+00
2.9370e+00	3.5664e+00	1.1348e+00	-1.2528e-01	0.0000e+00	0.0000e+00
3.1468e+00	3.5664e+00	1.1253e+00	-1.5765e-01	0.0000e+00	0.0000e+00
3.3566e+00	3.5664e+00	1.1165e+00	-1.6981e-01	0.0000e+00	0.0000e+00
3.5664e+00	3.5664e+00	1.0513e+00	-1.5709e-01	0.0000e+00	0.0000e+00
3.7762e+00	3.5664e+00	9.7727e-01	-2.3178e-01	0.0000e+00	0.0000e+00
3.9859e+00	3.5664e+00	9.9902e-01	-1.5929e-01	0.0000e+00	0.0000e+00
4.1957e+00	3.5664e+00	9.9242e-01	-1.5538e-01	0.0000e+00	0.0000e+00
4.4055e+00	3.5664e+00	9.0685e-01	-1.4345e-01	0.0000e+00	0.0000e+00
4.6153e+00	3.5664e+00	8.8370e-01	-1.4937e-01	0.0000e+00	0.0000e+00
4.8251e+00	3.5664e+00	8.9070e-01	-1.4449e-01	0.0000e+00	0.0000e+00
5.0349e+00	3.5664e+00	8.6049e-01	-7.3166e-02	0.0000e+00	0.0000e+00
5.2447e+00	3.5664e+00	8.0736e-01	-9.0398e-02	1.0000e+00	0.0000e+00
5.4545e+00	3.5664e+00	7.7827e-01	-6.0635e-02	0.0000e+00	0.0000e+00
5.6642e+00	3.5664e+00	7.8697e-01	6.0579e-03	0.0000e+00	0.0000e+00
5.8740e+00	3.5664e+00	7.9342e-01	3.6780e-02	0.0000e+00	0.0000e+00
6.0838e+00	3.5664e+00	7.9450e-01	9.7219e-02	0.0000e+00	0.0000e+00
6.2936e+00	3.5664e+00	7.8413e-01	1.0212e-01	0.0000e+00	0.0000e+00
6.5034e+00	3.5664e+00	7.8546e-01	1.3394e-01	0.0000e+00	0.0000e+00
6.7132e+00	3.5664e+00	8.2485e-01	1.9974e-01	0.0000e+00	0.0000e+00
6.9230e+00	3.5664e+00	8.2738e-01	2.3423e-01	0.0000e+00	0.0000e+00
7.1327e+00	3.5664e+00	8.7547e-01	2.6971e-01	0.0000e+00	0.0000e+00
7.3425e+00	3.5664e+00	9.6107e-01	2.7690e-01	0.0000e+00	0.0000e+00
7.5523e+00	3.5664e+00	1.0031e+00	2.7351e-01	0.0000e+00	0.0000e+00
7.7621e+00	3.5664e+00	9.9706e-01	2.3415e-01	0.0000e+00	0.0000e+00
7.9719e+00	3.5664e+00	1.0403e+00	2.1124e-01	0.0000e+00	0.0000e+00
8.1817e+00	3.5664e+00	1.0718e+00	1.7784e-01	0.0000e+00	0.0000e+00
8.3915e+00	3.5664e+00	1.1112e+00	6.0114e-02	0.0000e+00	0.0000e+00
8.6012e+00	3.5664e+00	1.1224e+00	1.0382e-03	0.0000e+00	0.0000e+00
8.8110e+00	3.5664e+00	1.1022e+00	-5.0841e-02	0.0000e+00	0.0000e+00
9.0208e+00	3.5664e+00	1.1040e+00	-1.3033e-01	0.0000e+00	0.0000e+00
9.2306e+00	3.5664e+00	1.1131e+00	-1.2983e-01	0.0000e+00	0.0000e+00
9.4404e+00	3.5664e+00	1.0678e+00	-1.7671e-01	0.0000e+00	0.0000e+00
9.6502e+00	3.5664e+00	1.0669e+00	-1.8946e-01	0.0000e+00	0.0000e+00
9.8600e+00	3.5664e+00	1.0124e+00	-1.8120e-01	0.0000e+00	0.0000e+00
1.0070e+01	3.5664e+00	9.9820e-01	-2.0637e-01	0.0000e+00	0.0000e+00
1.0280e+01	3.5664e+00	9.6250e-01	-1.5862e-01	0.0000e+00	0.0000e+00
1.0489e+01	3.5664e+00	9.3527e-01	-1.3078e-01	0.0000e+00	0.0000e+00
1.0699e+01	3.5664e+00	8.9743e-01	-1.2885e-01	0.0000e+00	0.0000e+00
1.0909e+01	3.5664e+00	8.7895e-01	-6.4195e-02	0.0000e+00	0.0000e+00
1.1119e+01	3.5664e+00	8.8575e-01	-6.8809e-02	0.0000e+00	0.0000e+00
1.1328e+01	3.5664e+00	8.1318e-01	-3.8555e-02	0.0000e+00	0.0000e+00
1.1538e+01	3.5664e+00	7.8830e-01	-3.4073e-02	0.0000e+00	0.0000e+00
1.1748e+01	3.5664e+00	8.4726e-01	1.1173e-02	0.0000e+00	0.0000e+00
1.1958e+01	3.5664e+00	8.1031e-01	2.0174e-02	0.0000e+00	0.0000e+00
1.2168e+01	3.5664e+00	8.0784e-01	2.7149e-02	0.0000e+00	0.0000e+00
1.2377e+01	3.5664e+00	8.5339e-01	4.7533e-02	0.0000e+00	0.0000e+00
1.2587e+01	3.5664e+00	7.9225e-01	6.3390e-02	0.0000e+00	0.0000e+00
1.2797e+01	3.5664e+00	8.2860e-01	8.3893e-02	0.0000e+00	0.0000e+00
1.3007e+01	3.5664e+00	8.2732e-01	1.0113e-01	0.0000e+00	0.0000e+00
1.3217e+01	3.5664e+00	8.3246e-01	1.0014e-01	0.0000e+00	0.0000e+00
1.3426e+01	3.5664e+00	8.6051e-01	9.2696e-02	0.0000e+00	0.0000e+00
1.3636e+01	3.5664e+00	8.6741e-01	1.0323e-01	0.0000e+00	0.0000e+00
1.3846e+01	3.5664e+00	8.6803e-01	9.8861e-02	0.0000e+00	0.0000e+00
1.4056e+01	3.5664e+00	8.5365e-01	9.4834e-02	1.0000e+00	0.0000e+00
1.4265e+01	3.5664e+00	9.0169e-01	7.3354e-02	0.0000e+00	0.0000e+00
1.4475e+01	3.5664e+00	9.2868e-01	5.1661e-02	0.0000e+00	0.0000e+00
1.4685e+01	3.5664e+00	9.2537e-01	4.2051e-02	0.0000e+00	0.0000e+00
1.4895e+01	3.5664e+00	9.2672e-01	1.6941e-02	0.0000e+00	0.0000e+00
1.5105e+01	3.5664e+00	9.5575e-01	-3.0880e-02	0.0000e+00	0.0000e+00
1.5314e+01	3.5664e+00	9.6097e-01	-3.7275e-02	0.0000e+00	0.0000e+00
1.5524e+01	3.5664e+00	9.6892e-01	-5.1481e-02	0.0000e+00	0.0000e+00
1.5734e+01	3.5664e+00	9.6685e-01	-8.6708e-02	0.0000e+00	0.0000e+00
1.5944e+01	3.5664e+00	9.5567e-01	-3.7995e-02	0.0000e+00	0.0000e+00
1.6154e+01	3.5664e+00	9.4503e-01	-7.1375e-02	0.0000e+00	0.0000e+00
1.6363e+01	3.5664e+00	9.6297e-01	-8.5381e-02	0.0000e+00	0.0000e+00
1.6573e+01	3.5664e+00	9.2614e-01	-9.1913e-02	0.0000e+00	0.0000e+00
1.6783e+01	3.5664e+00	9.4603e-01	-5.8628e-02	0.0000e+00	0.0000e+00
1.6993e+01	3.5664e+00	9.5077e-01	-3.5870e-02	0.0000e+00	0.0000e+00
1.7202e+01	3.5664e+00	9.5657e-01	-1.1027e-02	0.0000e+00	0.0000e+00
1.7412e+01	3.5664e+00	9.2804e-01	-3.0797e-02	0.0000e+00	0.0000e+00
1.7622e+01	3.5664e+00	9.2145e-01	-4.4564e-02	0.0000e+00	0.0000e+00
1.7832e+01	3.5664e+00	9.3109e-01	-1.0458e-02	0.0000e+00	0.0000e+00
1.8042e+01	3.5664e+00	8.9477e-01	-7.3373e-03	0.0000e+00	0.0000e+00
1.8251e+01	3.5664e+00	9.1163e-01	-3.0529e-02	0.0000e+00	0.0000e+00
1.8461e+01	3.5664e+00	9.1555e-01	1.0720e-02	0.0000e+00	0.0000e+00
1.8671e+01	3.5664e+00	9.0783e-01	1.9453e-02	0.0000e+00	0.0000e+00
1.8881e+01	3.5664e+00	8.8283e-01	5.2375e-03	0.0000e+00	0.0000e+00
1.9091e+01	3.5664e+00	8.7324e-01	2.4103e-02	0.0000e+00	0.0000e+00
1.9300e+01	3.5664e+00	9.0778e-01	1.5965e-02	0.0000e+00	0.0000e+00
1.9510e+01	3.5664e+00	8.8793e-01	9.1476e-03	0.0000e+00	0.0000e+00
1.9720e+01	3.5664e+00	8.9270e-01	1.5788e-02	0.0000e+00	0.0000e+00
2.0979e-01	3.3566e+00	1.0979e+00	1.5178e-01	0.0000e+00	0.0000e+00
4.1957e-01	3.3566e+00	1.1607e+00	1.3809e-01	0.0000e+00	0.0000e+00
6.2936e-01	3.3566e+00	1.1259e+00	1.2960e-01	0.0000e+00	0.0000e+00
8.3915e-01	3.3566e+00	1.1635e+00	8.1200e-02	0.0000e+00	0.0000e+00
1.0489e+00	3.3566e+00	1.1626e+00	6.7872e-02	0.0000e+00	0.0000e+00
1.2587e+00	3.3566e+00	1.1662e+00	4.7492e-02	0.0000e+00	0.0000e+00
1.4685e+00	3.3566e+00	1.2071e+00	4.0163e-02	0.0000e+00	0.0000e+00
1.6783e+00	3.3566e+00	1.1545e+00	6.2586e-02	0.0000e+00	0.0000e+00
1.8881e+00	3.3566e+00	1.1943e+00	4.6900e-02	0.0000e+00	0.0000e+00
2.0979e+00	3.3566e+00	1.0749e+00	-9.8873e-03	1.0000e+00	0.0000e+00
2.3077e+00	3.3566e+00	1.2123e+00	-5.6887e-02	0.0000e+00	0.0000e+00
2.5174e+00	3.3566e+00	1.1911e+00	-9.2174e-02	0.0000e+00	0.0000e+00
2.7272e+00	3.3566e+00	1.2060e+00	-1.0074e-01	0.0000e+00	0.0000e+00
2.9370e+00	3.3566e+00	1.1809e+00	-1.4488e-01	0.0000e+00	0.0000e+00
3.1468e+00	3.3566e+00	1.1320e+00	-1.9416e-01	0.0000e+00	0.0000e+00
3.3566e+00	3.3566e+00	1.1120e+00	-1.9873e-01	0.0000e+00	0.0000e+00
3.5664e+00	3.3566e+00	1.0987e+00	-2.1420e-01	0.0000e+00	0.0000e+00
3.7762e+00	3.3566e+00	1.0270e+00	-1.9105e-01	0.0000e+00	0.0000e+00
3.9859e+00	3.3566e+00	9.8278e-01	-2.1429e-01	0.0000e+00	0.0000e+00
4.1957e+00	3.3566e+00	9.4386e-01	-2.2945e-01	0.0000e+00	0.0000e+00
4.4055e+00	3.3566e+00	9.0284e-01	-2.0444e-01	0.0000e+00	0.0000e+00
4.6153e+00	3.3566e+00	8.9844e-01	-1.7629e-01	0.0000e+00	0.0000e+00
4.8251e+00	3.3566e+00	9.0107e-01	-1.3193e-01	0.0000e+00	0.0000e+00
5.0349e+00	3.3566e+00	8.2022e-01	-1.0273e-01	0.0000e+00	0.0000e+00
5.2447e+00	3.3566e+00	8.0371e-01	-5.6562e-02	0.0000e+00	0.0000e+00
5.4545e+00	3.3566e+00	7.8650e-01	-6.2261e-02	0.0000e+00	0.0000e+00
5.6642e+00	3.3566e+00	7.3121e-01	-5.2732e-02	0.0000e+00	0.0000e+00
5.8740e+00	3.3566e+00	7.3604e-01	-2.5633e-02	0.0000e+00	0.0000e+00
6.0838e+00	3.3566e+00	7.3631e-01	5.1298e-02	0.0000e+00	0.0000e+00
6.2936e+00	3.3566e+00	7.1858e-01	1.3542e-01	0.0000e+00	0.0000e+00
6.5034e+00	3.3566e+00	7.2938e-01	1.7645e-01	0.0000e+00	0.0000e+00
6.7132e+00	3.3566e+00	8.0167e-01	2.3336e-01	0.0000e+00	0.0000e+00
6.9230e+00	3.3566e+00	8.0778e-01	3.1753e-01	0.0000e+00	0.0000e+00
7.1327e+00	3.3566e+00	8.8018e-01	2.9633e-01	0.0000e+00	0.0000e+00
7.3425e+00	3.3566e+00	9.2183e-01	3.1157e-01	0.0000e+00	0.0000e+00
7.5523e+00	3.3566e+00	9.4608e-01	2.9686e-01	0.0000e+00	0.0000e+00
7.7621e+00	3.3566e+00	9.8571e-01	2.7724e-01	0.0000e+00	0.0000e+00
7.9719e+00	3.3566e+00	1.0203e+00	2.1967e-01	0.0000e+00	0.0000e+00
8.1817e+00	3.3566e+00	1.0532e+00	1.9493e-01	0.0000e+00	0.0000e+00
8.3915e+00	3.3566e+00	1.1129e+00	1.1288e-01	0.0000e+00	0.0000e+00
8.6012e+00	3.3566e+00	1.1074e+00	-2.0604e-02	0.0000e+00	0.0000e+00
8.8110e+00	3.3566e+00	1.0350e+00	-8.6925e-02	1.0000e+00	0.0000e+00
9.0208e+00	3.3566e+00	1.0686e+00	-1.3404e-01	0.0000e+00	0.0000e+00
9.2306e+00	3.3566e+00	1.0777e+00	-2.1318e-01	0.0000e+00	0.0000e+00
9.4404e+00	3.3566e+00	1.0339e+00	-3.0920e-01	0.0000e+00	0.0000e+00
9.6502e+00	3.3566e+00	1.0023e+00	-1.8700e-01	0.0000e+00	0.0000e+00
9.8600e+00	3.3566e+00	9.7751e-01	-2.0312e-01	0.0000e+00	0.0000e+00
1.0070e+01	3.3566e+00	9.6996e-01	-1.7948e-01	0.0000e+00	0.0000e+00
1.0280e+01	3.3566e+00	9.3105e-01	-1.8814e-01	0.0000e+00	0.0000e+00
1.0489e+01	3.3566e+00	9.1023e-01	-1.5498e-01	0.0000e+00	0.0000e+00
1.0699e+01	3.3566e+00	8.9652e-01	-1.1628e-01	0.0000e+00	0.0000e+00
1.0909e+01	3.3566e+00	8.5375e-01	-1.1498e-01	0.0000e+00	0.0000e+00
1.1119e+01	3.3566e+00	8.0637e-01	-1.6140e-01	0.0000e+00	0.0000e+00
1.1328e+01	3.3566e+00	7.9134e-01	-4.0353e-02	0.0000e+00	0.0000e+00
1.1538e+01	3.3566e+00	7.8605e-01	-5.1096e-02	0.0000e+00	0.0000e+00
1.1748e+01	3.3566e+00	8.1606e-01	-3.9643e-02	0.0000e+00	0.0000e+00
1.1958e+01	3.3566e+00	7.8505e-01	-1.8865e-02	0.0000e+00	0.0000e+00
1.2168e+01	3.3566e+00	7.6124e-01	3.3802e-02	0.0000e+00	0.0000e+00
1.2377e+01	3.3566e+00	7.8956e-01	2.2453e-02	0.0000e+00	0.0000e+00
1.2587e+01	3.3566e+00	7.9586e-01	3.6059e-02	0.0000e+00	0.0000e+00
1.2797e+01	3.3566e+00	7.7517e-01	1.0971e-01	0.0000e+00	0.0000e+00
1.3007e+01	3.3566e+00	7.8793e-01	1.3651e-01	0.0000e+00	0.0000e+00
1.3217e+01	3.3566e+00	8.1285e-01	1.1870e-01	0.0000e+00	0.0000e+00
1.3426e+01	3.3566e+00	8.4349e-01	1.3322e-01	0.0000e+00	0.0000e+00
1.3636e+01	3.3566e+00	8.4322e-01	1.2163e-01	0.0000e+00	0.0000e+00
1.3846e+01	3.3566e+00	8.3724e-01	1.3496e-01	0.0000e+00	0.0000e+00
1.4056e+01	3.3566e+00	8.6003e-01	9.6584e-02	0.0000e+00	0.0000e+00
1.4265e+01	3.3566e+00	8.5544e-01	1.2375e-01	0.0000e+00	0.0000e+00
1.4475e+01	3.3566e+00	8.8912e-01	6.2903e-02	0.0000e+00	0.0000e+00
1.4685e+01	3.3566e+00	8.9952e-01	5.0937e-02	0.0000e+00	0.0000e+00
1.4895e+01	3.3566e+00	8.8761e-01	2.0332e-02	0.0000e+00	0.0000e+00
1.5105e+01	3.3566e+00	9.0651e-01	-4.8897e-03	0.0000e+00	0.0000e+00
1.5314e+01	3.3566e+00	9.1519e-01	-4.9269e-02	0.0000e+00	0.0000e+00
1.5524e+01	3.3566e+00	9.3389e-01	-5.1183e-02	0.0000e+00	0.0000e+00
1.5734e+01	3.3566e+00	9.1993e-01	-4.9410e-02	0.0000e+00	0.0000e+00
1.5944e+01	3.3566e+00	9.1516e-01	-7.0479e-02	0.0000e+00	0.0000e+00
1.6154e+01	3.3566e+00	9.1975e-01	-8.1545e-02	0.0000e+00	0.0000e+00
1.6363e+01	3.3566e+00	9.1014e-01	-1.0690e-01	0.0000e+00	0.0000e+00
1.6573e+01	3.3566e+00	9.2648e-01	-6.9065e-02	0.0000e+00	0.0000e+00
1.6783e+01	3.3566e+00	8.5956e-01	-1.0930e-01	0.0000e+00	0.0000e+00
1.6993e+01	3.3566e+00	8.9603e-01	-3.2621e-02	0.0000e+00	0.0000e+00
1.7202e+01	3.3566e+00	9.2877e-01	-3.9376e-02	0.0000e+00	0.0000e+00
1.7412e+01	3.3566e+00	8.9686e-01	-5.0796e-02	0.0000e+00	0.0000e+00
1.7622e+01	3.3566e+00	8.8989e-01	-4.4768e-02	0.0000e+00	0.0000e+00
1.7832e+01	3.3566e+00	8.6562e-01	-3.0879e-02	1.0000e+00	0.0000e+00
1.8042e+01	3.3566e+00	8.8197e-01	-1.4492e-02	0.0000e+00	0.0000e+00
1.8251e+01	3.3566e+00	8.7875e-01	-9.0110e-03	0.0000e+00	0.0000e+00
1.8461e+01	3.3566e+00	8.8773e-01	-6.8005e-03	0.0000e+00	0.0000e+00
1.8671e+01	3.3566e+00	8.4510e-01	3.6911e-03	0.0000e+00	0.0000e+00
1.8881e+01	3.3566e+00	8.7327e-01	2.3566e-02	0.0000e+00	0.0000e+00
1.9091e+01	3.3566e+00	8.6506e-01	1.2344e-02	0.0000e+00	0.0000e+00
1.9300e+01	3.3566e+00	8.2897e-01	2.2312e-02	0.0000e+00	0.0000e+00
1.9510e+01	3.3566e+00	8.6026e-01	3.3206e-03	0.0000e+00	0.0000e+00
1.9720e+01	3.3566e+00	8.7205e-01	1.8434e-02	0.0000e+00	0.0000e+00
2.0979e-01	3.1468e+00	1.1556e+00	1.9013e-01	0.0000e+00	0.0000e+00
4.1957e-01	3.1468e+00	1.1680e+00	1.4774e-01	0.0000e+00	0.0000e+00
6.2936e-01	3.1468e+00	1.1790e+00	1.4485e-01	0.0000e+00	0.0000e+00
8.3915e-01	3.1468e+00	1.2018e+00	6.5953e-02	0.0000e+00	0.0000e+00
1.0489e+00	3.1468e+00	1.1899e+00	5.6978e-02	0.0000e+00	0.0000e+00
1.2587e+00	3.1468e+00	8.9663e-01	3.7527e-02	1.0000e+00	0.0000e+00
1.4685e+00	3.1468e+00	1.1879e+00	4.8170e-02	0.0000e+00	0.0000e+00
1.6783e+00	3.1468e+00	1.2005e+00	6.0446e-02	0.0000e+00	0.0000e+00
1.8881e+00	3.1468e+00	1.2325e+00	5.8645e-02	0.0000e+00	0.0000e+00
2.0979e+00	3.1468e+00	1.2369e+00	6.6156e-03	0.0000e+00	0.0000e+00
2.3077e+00	3.1468e+00	1.2075e+00	3.1967e-03	0.0000e+00	0.0000e+00
2.5174e+00	3.1468e+00	1.2357e+00	-9.4484e-02	0.0000e+00	0.0000e+00
2.7272e+00	3.1468e+00	9.9193e-01	-1.1392e-01	1.0000e+00	0.0000e+00
2.9370e+00	3.1468e+00	1.2320e+00	-1.8341e-01	0.0000e+00	0.0000e+00
3.1468e+00	3.1468e+00	1.1593e+00	-2.3653e-01	0.0000e+00	0.0000e+00
3.3566e+00	3.1468e+00	1.1341e+00	-3.0927e-01	0.0000e+00	0.0000e+00
3.5664e+00	3.1468e+00	1.0769e+00	-2.7010e-01	0.0000e+00	0.0000e+00
3.7762e+00	3.1468e+00	1.0349e+00	-2.5656e-01	0.0000e+00	0.0000e+00
3.9859e+00	3.1468e+00	9.6163e-01	-2.4695e-01	0.0000e+00	0.0000e+00
4.1957e+00	3.1468e+00	9.1646e-01	-2.3747e-01	0.0000e+00	0.0000e+00
4.4055e+00	3.1468e+00	8.9786e-01	-2.3300e-01	0.0000e+00	0.0000e+00
4.6153e+00	3.1468e+00	8.8470e-01	-1.7223e-01	0.0000e+00	0.0000e+00
4.8251e+00	3.1468e+00	8.3317e-01	-1.8022e-01	0.0000e+00	0.0000e+00
5.0349e+00	3.1468e+00	8.1798e-01	-1.3300e-01	0.0000e+00	0.0000e+00
5.2447e+00	3.1468e+00	7.7947e-01	-9.7281e-02	0.0000e+00	0.0000e+00
5.4545e+00	3.1468e+00	7.5953e-01	-8.3549e-02	0.0000e+00	0.0000e+00
5.6642e+00	3.1468e+00	6.8854e-01	-3.0841e-02	0.0000e+00	0.0000e+00
5.8740e+00	3.1468e+00	6.7800e-01	-1.9371e-02	0.0000e+00	0.0000e+00
6.0838e+00	3.1468e+00	6.9235e-01	7.1551e-02	0.0000e+00	0.0000e+00
6.2936e+00	3.1468e+00	7.3544e-01	1.7059e-01	0.0000e+00	0.0000e+00
6.5034e+00	3.1468e+00	7.4871e-01	2.0095e-01	0.0000e+00	0.0000e+00
6.7132e+00	3.1468e+00	7.9697e-01	2.8479e-01	0.0000e+00	0.0000e+00
6.9230e+00	3.1468e+00	8.2985e-01	3.0212e-01	0.0000e+00	0.0000e+00
7.1327e+00	3.1468e+00	8.4193e-01	3.2304e-01	0.0000e+00	0.0000e+00
7.3425e+00	3.1468e+00	9.0302e-01	3.6015e-01	0.0000e+00	0.0000e+00
7.5523e+00	3.1468e+00	9.1604e-01	3.5194e-01	0.0000e+00	0.0000e+00
7.7621e+00	3.1468e+00	9.7692e-01	3.1132e-01	0.0000e+00	0.0000e+00
7.9719e+00	3.1468e+00	9.7959e-01	2.7363e-01	0.0000e+00	0.0000e+00
8.1817e+00	3.1468e+00	1.0031e+00	1.6752e-01	0.0000e+00	0.0000e+00
8.3915e+00	3.1468e+00	1.0465e+00	1.1472e-01	0.0000e+00	0.0000e+00
8.6012e+00	3.1468e+00	1.0922e+00	2.6822e-02	0.0000e+00	0.0000e+00
8.8110e+00	3.1468e+00	1.0413e+00	-9.7845e-02	0.0000e+00	0.0000e+00
9.0208e+00	3.1468e+00	1.0035e+00	-1.5329e-01	0.0000e+00	0.0000e+00
9.2306e+00	3.1468e+00	1.0669e+00	-1.8772e-01	0.0000e+00	0.0000e+00
9.4404e+00	3.1468e+00	9.8643e-01	-2.5795e-01	0.0000e+00	0.0000e+00
9.6502e+00	3.1468e+00	9.7375e-01	-2.4282e-01	0.0000e+00	0.0000e+00
9.8600e+00	3.1468e+00	9.2842e-01	-2.3818e-01	0.0000e+00	0.0000e+00
1.0070e+01	3.1468e+00	9.3135e-01	-2.3627e-01	0.0000e+00	0.0000e+00
1.0280e+01	3.1468e+00	9.1469e-01	-1.9085e-01	0.0000e+00	0.0000e+00
1.0489e+01	3.1468e+00	9.0884e-01	-1.9654e-01	0.0000e+00	0.0000e+00
1.0699e+01	3.1468e+00	8.5921e-01	-1.5974e-01	0.0000e+00	0.0000e+00
1.0909e+01	3.1468e+00	8.2474e-01	-1.2700e-01	0.0000e+00	0.0000e+00
1.1119e+01	3.1468e+00	7.9853e-01	-1.1953e-01	0.0000e+00	0.0000e+00
1.1328e+01	3.1468e+00	7.5877e-01	-9.0234e-02	0.0000e+00	0.0000e+00
1.1538e+01	3.1468e+00	7.6145e-01	-7.2605e-02	0.0000e+00	0.0000e+00
1.1748e+01	3.1468e+00	7.7321e-01	-6.0530e-02	0.0000e+00	0.0000e+00
1.1958e+01	3.1468e+00	7.6255e-01	-3.4132e-03	1.0000e+00	0.0000e+00
1.2168e+01	3.1468e+00	7.1856e-01	4.3690e-02	0.0000e+00	0.0000e+00
1.2377e+01	3.1468e+00	7.4418e-01	6.2482e-02	0.0000e+00	0.0000e+00
1.2587e+01	3.1468e+00	7.5059e-01	8.3696e-02	0.0000e+00	0.0000e+00
1.2797e+01	3.1468e+00	7.2442e-01	1.5067e-01	0.0000e+00	0.0000e+00
1.3007e+01	3.1468e+00	7.6131e-01	1.3866e-01	0.0000e+00	0.0000e+00
1.3217e+01	3.1468e+00	7.7312e-01	1.2752e-01	0.0000e+00	0.0000e+00
1.3426e+01	3.1468e+00	7.8109e-01	1.5417e-01	0.0000e+00	0.0000e+00
1.3636e+01	3.1468e+00	7.9465e-01	1.3200e-01	0.0000e+00	0.0000e+00
1.3846e+01	3.1468e+00	7.9416e-01	1.1862e-01	0.0000e+00	0.0000e+00
1.4056e+01	3.1468e+00	8.3494e-01	1.6321e-01	0.0000e+00	0.0000e+00
1.4265e+01	3.1468e+00	8.2479e-01	9.2072e-02	1.0000e+00	0.0000e+00
1.4475e+01	3.1468e+00	8.2100e-01	7.0612e-02	0.0000e+00	0.0000e+00
1.4685e+01	3.1468e+00	8.5257e-01	3.9072e-02	0.0000e+00	0.0000e+00
1.4895e+01	3.1468e+00	8.3623e-01	2.1094e-02	0.0000e+00	0.0000e+00
1.5105e+01	3.1468e+00	8.7683e-01	3.0243e-03	0.0000e+00	0.0000e+00
1.5314e+01	3.1468e+00	8.6796e-01	-4.9109e-02	0.0000e+00	0.0000e+00
1.5524e+01	3.1468e+00	8.6482e-01	-6.1535e-02	0.0000e+00	0.0000e+00
1.5734e+01	3.1468e+00	8.8790e-01	-8.0861e-02	0.0000e+00	0.0000e+00
1.5944e+01	3.1468e+00	8.7476e-01	-9.0900e-02	0.0000e+00	0.0000e+00
1.6154e+01	3.1468e+00	8.8048e-01	-6.3766e-02	0.0000e+00	0.0000e+00
1.6363e+01	3.1468e+00	8.5548e-01	-8.1931e-02	0.0000e+00	0.0000e+00
1.6573e+01	3.1468e+00	8.6603e-01	-4.3744e-02	0.0000e+00	0.0000e+00
1.6783e+01	3.1468e+00	8.6188e-01	-9.4882e-02	0.0000e+00	0.0000e+00
1.6993e+01	3.1468e+00	8.5293e-01	-6.5967e-02	0.0000e+00	0.0000e+00
1.7202e+01	3.1468e+00	8.6901e-01	-5.7838e-02	0.0000e+00	0.0000e+00
1.7412e+01	3.1468e+00	8.5390e-01	-9.3120e-02	0.0000e+00	0.0000e+00
1.7622e+01	3.1468e+00	8.5428e-01	-4.5070e-02	0.0000e+00	0.0000e+00
1.7832e+01	3.1468e+00	8.4988e-01	-1.3810e-02	0.0000e+00	0.0000e+00
1.8042e+01	3.1468e+00	8.6347e-01	-9.3261e-05	0.0000e+00	0.0000e+00
1.8251e+01	3.1468e+00	8.4069e-01	6.3920e-03	0.0000e+00	0.0000e+00
1.8461e+01	3.1468e+00	8.6274e-01	-7.7167e-03	0.0000e+00	0.0000e+00
1.8671e+01	3.1468e+00	8.1991e-01	-2.1728e-02	0.0000e+00	0.0000e+00
1.8881e+01	3.1468e+00	8.2539e-01	-2.3617e-02	0.0000e+00	0.0000e+00
1.9091e+01	3.1468e+00	8.4933e-01	-3.9617e-03	0.0000e+00	0.0000e+00
1.9300e+01	3.1468e+00	7.7133e-01	3.5249e-02	0.0000e+00	0.0000e+00
1.9510e+01	3.1468e+00	8.2862e-01	2.8864e-02	0.0000e+00	0.0000e+00
1.9720e+01	3.1468e+00	7.9349e-01	-1.7284e-02	0.0000e+00	0.0000e+00
2.0979e-01	2.9370e+00	1.1688e+00	2.3060e-01	0.0000e+00	0.0000e+00
4.1957e-01	2.9370e+00	1.1775e+00	1.7345e-01	0.0000e+00	0.0000e+00
6.2936e-01	2.9370e+00	1.1362e+00	1.2400e-01	0.0000e+00	0.0000e+00
8.3915e-01	2.9370e+00	1.1773e+00	8.1824e-02	0.0000e+00	0.0000e+00
1.0489e+00	2.9370e+00	1.0986e+00	9.2847e-03	0.0000e+00	0.0000e+00
1.2587e+00	2.9370e+00	1.0859e+00	3.7059e-02	0.0000e+00	0.0000e+00
1.4685e+00	2.9370e+00	7.2061e-01	3.5117e-02	1.0000e+00	0.0000e+00
1.6783e+00	2.9370e+00	1.0326e+00	3.0264e-02	0.0000e+00	0.0000e+00
1.8881e+00	2.9370e+00	7.9366e-01	4.3253e-02	1.0000e+00	0.0000e+00
2.0979e+00	2.9370e+00	1.1119e+00	2.9618e-02	0.0000e+00	0.0000e+00
2.3077e+00	2.9370e+00	1.0811e+00	-9.8471e-03	0.0000e+00	0.0000e+00
2.5174e+00	2.9370e+00	1.2000e+00	-9.5406e-02	0.0000e+00	0.0000e+00
2.7272e+00	2.9370e+00	1.2123e+00	-1.4170e-01	0.0000e+00	0.0000e+00
2.9370e+00	2.9370e+00	1.1939e+00	-2.0450e-01	0.0000e+00	0.0000e+00
3.1468e+00	2.9370e+00	-1.5900e+00	-8.2022e-01	0.0000e+00	0.0000e+00
3.3566e+00	2.9370e+00	1.1385e+00	-2.8902e-01	0.0000e+00	0.0000e+00
3.5664e+00	2.9370e+00	1.0462e+00	-3.1985e-01	0.0000e+00	0.0000e+00
3.7762e+00	2.9370e+00	1.0048e+00	-3.1589e-01	0.0000e+00	0.0000e+00
3.9859e+00	2.9370e+00	9.6017e-01	-2.8724e-01	0.0000e+00	0.0000e+00
4.1957e+00	2.9370e+00	9.1647e-01	-2.7863e-01	0.0000e+00	0.0000e+00
4.4055e+00	2.9370e+00	8.7450e-01	-2.4126e-01	0.0000e+00	0.0000e+00
4.6153e+00	2.9370e+00	8.6717e-01	-2.0635e-01	0.0000e+00	0.0000e+00
4.8251e+00	2.9370e+00	8.0397e-01	-2.2050e-01	0.0000e+00	0.0000e+00
5.0349e+00	2.9370e+00	7.9506e-01	-2.1835e-01	0.0000e+00	0.0000e+00
5.2447e+00	2.9370e+00	7.3413e-01	-1.6491e-01	0.0000e+00	0.0000e+00
5.4545e+00	2.9370e+00	7.0400e-01	-1.3039e-01	0.0000e+00	0.0000e+00
5.6642e+00	2.9370e+00	6.7252e-01	-6.0049e-02	0.0000e+00	0.0000e+00
5.8740e+00	2.9370e+00	7.2312e-01	3.1281e-02	1.0000e+00	0.0000e+00
6.0838e+00	2.9370e+00	6.7818e-01	5.7102e-02	0.0000e+00	0.0000e+00
6.2936e+00	2.9370e+00	7.0881e-01	1.7708e-01	0.0000e+00	0.0000e+00
6.5034e+00	2.9370e+00	7.4861e-01	2.4770e-01	0.0000e+00	0.0000e+00
6.7132e+00	2.9370e+00	8.0293e-01	3.0707e-01	0.0000e+00	0.0000e+00
6.9230e+00	2.9370e+00	8.0330e-01	3.3892e-01	0.0000e+00	0.0000e+00
7.1327e+00	2.9370e+00	8.1208e-01	3.6002e-01	0.0000e+00	0.0000e+00
7.3425e+00	2.9370e+00	8.9535e-01	3.8260e-01	0.0000e+00	0.0000e+00
7.5523e+00	2.9370e+00	8.8111e-01	3.2047e-01	0.0000e+00	0.0000e+00
7.7621e+00	2.9370e+00	9.2223e-01	3.1534e-01	0.0000e+00	0.0000e+00
7.9719e+00	2.9370e+00	9.3061e-01	2.9496e-01	0.0000e+00	0.0000e+00
8.1817e+00	2.9370e+00	9.6695e-01	2.5319e-01	0.0000e+00	0.0000e+00
8.3915e+00	2.9370e+00	9.9827e-01	1.5175e-01	0.0000e+00	0.0000e+00
8.6012e+00	2.9370e+00	1.0002e+00	-1.4060e+00	0.0000e+00	0.0000e+00
8.8110e+00	2.9370e+00	9.9717e-01	-1.1062e-01	0.0000e+00	0.0000e+00
9.0208e+00	2.9370e+00	9.4266e-01	-1.3359e-01	0.0000e+00	0.0000e+00
9.2306e+00	2.9370e+00	9.9533e-01	-2.2964e-01	0.0000e+00	0.0000e+00
9.4404e+00	2.9370e+00	9.5407e-01	-2.7927e-01	0.0000e+00	0.0000e+00
9.6502e+00	2.9370e+00	9.0683e-01	-2.8288e-01	0.0000e+00	0.0000e+00
9.8600e+00	2.9370e+00	9.2646e-01	-2.7263e-01	0.0000e+00	0.0000e+00
1.0070e+01	2.9370e+00	8.9542e-01	-2.6163e-01	0.0000e+00	0.0000e+00
1.0280e+01	2.9370e+00	9.0960e-01	-2.1964e-01	0.0000e+00	0.0000e+00
1.0489e+01	2.9370e+00	8.5562e-01	-2.0294e-01	0.0000e+00	0.0000e+00
1.0699e+01	2.9370e+00	8.1199e-01	-1.7185e-01	0.0000e+00	0.0000e+00
1.0909e+01	2.9370e+00	7.9826e-01	-1.5544e-01	0.0000e+00	0.0000e+00
1.1119e+01	2.9370e+00	7.9728e-01	-1.4254e-01	0.0000e+00	0.0000e+00
1.1328e+01	2.9370e+00	7.4301e-01	-6.7757e-02	0.0000e+00	0.0000e+00
1.1538e+01	2.9370e+00	7.5110e-01	-8.2284e-02	0.0000e+00	0.0000e+00
1.1748e+01	2.9370e+00	7.1561e-01	-5.2521e-02	0.0000e+00	0.0000e+00
1.1958e+01	2.9370e+00	7.0337e-01	-4.3500e-03	0.0000e+00	0.0000e+00
1.2168e+01	2.9370e+00	7.0540e-01	8.1425e-03	0.0000e+00	0.0000e+00
1.2377e+01	2.9370e+00	7.3659e-01	5.3912e-02	1.0000e+00	0.0000e+00
1.2587e+01	2.9370e+00	7.1350e-01	8.1804e-02	0.0000e+00	0.0000e+00
1.2797e+01	2.9370e+00	7.2835e-01	1.3372e-01	0.0000e+00	0.0000e+00
1.3007e+01	2.9370e+00	7.2845e-01	1.1836e-01	0.0000e+00	0.0000e+00
1.3217e+01	2.9370e+00	7.3547e-01	1.5529e-01	0.0000e+00	0.0000e+00
1.3426e+01	2.9370e+00	7.4277e-01	1.3855e-01	0.0000e+00	0.0000e+00
1.3636e+01	2.9370e+00	7.4936e-01	1.3809e-01	0.0000e+00	0.0000e+00
1.3846e+01	2.9370e+00	7.8191e-01	1.3816e-01	0.0000e+00	0.0000e+00
1.4056e+01	2.9370e+00	7.6227e-01	1.5235e-01	0.0000e+00	0.0000e+00
1.4265e+01	2.9370e+00	7.7255e-01	9.9371e-02	0.0000e+00	0.0000e+00
1.4475e+01	2.9370e+00	7.8413e-01	7.7555e-02	0.0000e+00	0.0000e+00
1.4685e+01	2.9370e+00	8.3286e-01	9.2249e-02	0.0000e+00	0.0000e+00
1.4895e+01	2.9370e+00	8.0688e-01	3.1606e-02	0.0000e+00	0.0000e+00
1.5105e+01	2.9370e+00	8.3720e-01	-5.1435e-02	0.0000e+00	0.0000e+00
1.5314e+01	2.9370e+00	8.1401e-01	-4.1520e-02	0.0000e+00	0.0000e+00
1.5524e+01	2.9370e+00	7.9801e-01	-2.7538e-02	0.0000e+00	0.0000e+00
1.5734e+01	2.9370e+00	8.3363e-01	-5.8119e-02	0.0000e+00	0.0000e+00
1.5944e+01	2.9370e+00	8.2466e-01	-6.1986e-02	0.0000e+00	0.0000e+00
1.6154e+01	2.9370e+00	8.2589e-01	-8.4653e-02	0.0000e+00	0.0000e+00
1.6363e+01	2.9370e+00	8.2887e-01	-9.5357e-02	0.0000e+00	0.0000e+00
1.6573e+01	2.9370e+00	8.1925e-01	-7.9910e-02	0.0000e+00	0.0000e+00
1.6783e+01	2.9370e+00	8.4986e-01	-1.1304e-01	0.0000e+00	0.0000e+00
1.6993e+01	2.9370e+00	8.3532e-01	-1.0722e-01	0.0000e+00	0.0000e+00
1.7202e+01	2.9370e+00	8.3707e-01	-5.3577e-02	0.0000e+00	0.0000e+00
1.7412e+01	2.9370e+00	8.4171e-01	-3.9173e-02	0.0000e+00	0.0000e+00
1.7622e+01	2.9370e+00	7.8208e-01	-2.6202e-02	0.0000e+00	0.0000e+00
1.7832e+01	2.9370e+00	8.0873e-01	-5.6116e-02	0.0000e+00	0.0000e+00
1.8042e+01	2.9370e+00	7.9767e-01	-4.5438e-02	0.0000e+00	0.0000e+00
1.8251e+01	2.9370e+00	8.1927e-01	-2.9945e-02	0.0000e+00	0.0000e+00
1.8461e+01	2.9370e+00	7.8065e-01	-3.6098e-02	0.0000e+00	0.0000e+00
1.8671e+01	2.9370e+00	7.7891e-01	-2.8950e-03	0.0000e+00	0.0000e+00
1.8881e+01	2.9370e+00	7.8473e-01	1.7689e-02	0.0000e+00	0.0000e+00
1.9091e+01	2.9370e+00	7.6778e-01	-1.0402e-02	0.0000e+00	0.0000e+00
1.9300e+01	2.9370e+00	7.9209e-01	-1.7272e-02	0.0000e+00	0.0000e+00
1.9510e+01	2.9370e+00	7.9791e-01	2.9563e-02	0.0000e+00	0.0000e+00
1.9720e+01	2.9370e+00	7.9752e-01	3.2526e-02	0.0000e+00	0.0000e+00
2.0979e-01	2.7272e+00	1.1611e+00	2.2312e-01	0.0000e+00	0.0000e+00
4.1957e-01	2.7272e+00	1.1323e+00	7.1124e-02	0.0000e+00	0.0000e+00
6.2936e-01	2.7272e+00	9.2200e-01	1.1379e-02	0.0000e+00	0.0000e+00
8.3915e-01	2.7272e+00	9.3883e-01	3.1174e-02	0.0000e+00	0.0000e+00
1.0489e+00	2.7272e+00	-1.5214e+00	-3.7193e-01	0.0000e+00	0.0000e+00
1.2587e+00	2.7272e+00	4.6580e-01	-5.6367e-02	0.0000e+00	0.0000e+00
1.4685e+00	2.7272e+00	6.7334e-01	1.9916e-02	0.0000e+00	0.0000e+00
1.6783e+00	2.7272e+00	5.9966e-01	6.2916e-02	0.0000e+00	0.0000e+00
1.8881e+00	2.7272e+00	6.6242e-01	7.3297e-02	0.0000e+00	0.0000e+00
2.0979e+00	2.7272e+00	7.8450e-01	1.3061e-02	0.0000e+00	0.0000e+00
2.3077e+00	2.7272e+00	8.9656e-01	5.7828e-02	0.0000e+00	0.0000e+00
2.5174e+00	2.7272e+00	9.1942e-01	2.9431e-02	0.0000e+00	0.0000e+00
2.7272e+00	2.7272e+00	7.5337e-01	-5.0082e-02	1.0000e+00	0.0000e+00
2.9370e+00	2.7272e+00	8.0018e-01	-1.1380e-01	1.0000e+00	0.0000e+00
3.1468e+00	2.7272e+00	1.0328e+00	-2.5980e-01	0.0000e+00	0.0000e+00
3.3566e+00	2.7272e+00	1.0861e+00	-3.1035e-01	0.0000e+00	0.0000e+00
3.5664e+00	2.7272e+00	1.0353e+00	-3.3320e-01	0.0000e+00	0.0000e+00
3.7762e+00	2.7272e+00	8.5371e-01	-3.0463e-01	1.0000e+00	0.0000e+00
3.9859e+00	2.7272e+00	9.2344e-01	-3.4993e-01	0.0000e+00	0.0000e+00
4.1957e+00	2.7272e+00	8.8622e-01	-3.1078e-01	0.0000e+00	0.0000e+00
4.4055e+00	2.7272e+00	8.5122e-01	-3.1419e-01	0.0000e+00	0.0000e+00
4.6153e+00	2.7272e+00	8.0494e-01	-2.8595e-01	0.0000e+00	0.0000e+00
4.8251e+00	2.7272e+00	7.5105e-01	-2.2791e-01	0.0000e+00	0.0000e+00
5.0349e+00	2.7272e+00	7.3617e-01	-2.2677e-01	0.0000e+00	0.0000e+00
5.2447e+00	2.7272e+00	7.0101e-01	-2.5349e-01	0.0000e+00	0.0000e+00
5.4545e+00	2.7272e+00	6.6594e-01	-1.4553e-01	0.0000e+00	0.0000e+00
5.6642e+00	2.7272e+00	6.7040e-01	-4.2810e-02	0.0000e+00	0.0000e+00
5.8740e+00	2.7272e+00	6.5139e-01	2.3956e-03	0.0000e+00	0.0000e+00
6.0838e+00	2.7272e+00	6.8694e-01	8.1651e-02	0.0000e+00	0.0000e+00
6.2936e+00	2.7272e+00	7.1958e-01	2.2332e-01	0.0000e+00	0.0000e+00
6.5034e+00	2.7272e+00	7.4847e-01	2.8436e-01	0.0000e+00	0.0000e+00
6.7132e+00	2.7272e+00	8.1112e-01	3.5203e-01	0.0000e+00	0.0000e+00
6.9230e+00	2.7272e+00	8.1015e-01	3.2244e-01	1.0000e+00	0.0000e+00
7.1327e+00	2.7272e+00	8.3663e-01	4.0297e-01	0.0000e+00	0.0000e+00
7.3425e+00	2.7272e+00	8.5548e-01	4.0309e-01	0.0000e+00	0.0000e+00
7.5523e+00	2.7272e+00	8.5836e-01	3.9250e-01	0.0000e+00	0.0000e+00
7.7621e+00	2.7272e+00	8.7236e-01	3.3276e-01	0.0000e+00	0.0000e+00
7.9719e+00	2.7272e+00	8.9583e-01	2.9857e-01	0.0000e+00	0.0000e+00
8.1817e+00	2.7272e+00	9.1210e-01	2.2620e-01	0.0000e+00	0.0000e+00
8.3915e+00	2.7272e+00	9.0576e-01	1.5005e-01	0.0000e+00	0.0000e+00
8.6012e+00	2.7272e+00	9.2105e-01	-6.0023e-03	0.0000e+00	0.0000e+00
8.8110e+00	2.7272e+00	9.3053e-01	-1.4813e-01	0.0000e+00	0.0000e+00
9.0208e+00	2.7272e+00	9.1855e-01	-1.5981e-01	0.0000e+00	0.0000e+00
9.2306e+00	2.7272e+00	9.3235e-01	-2.5582e-01	0.0000e+00	0.0000e+00
9.4404e+00	2.7272e+00	9.1351e-01	-3.0967e-01	0.0000e+00	0.0000e+00
9.6502e+00	2.7272e+00	8.8716e-01	-2.9318e-01	0.0000e+00	0.0000e+00
9.8600e+00	2.7272e+00	8.9829e-01	-2.8185e-01	0.0000e+00	0.0000e+00
1.0070e+01	2.7272e+00	8.6675e-01	-2.9104e-01	0.0000e+00	0.0000e+00
1.0280e+01	2.7272e+00	8.7551e-01	-2.4322e-01	0.0000e+00	0.0000e+00
1.0489e+01	2.7272e+00	8.2978e-01	-2.5600e-01	0.0000e+00	0.0000e+00
1.0699e+01	2.7272e+00	8.0842e-01	-2.2445e-01	0.0000e+00	0.0000e+00
1.0909e+01	2.7272e+00	7.7392e-01	-1.5523e-01	0.0000e+00	0.0000e+00
1.1119e+01	2.7272e+00	7.6670e-01	-1.8006e-01	0.0000e+00	0.0000e+00
1.1328e+01	2.7272e+00	7.1832e-01	-1.2269e-01	0.0000e+00	0.0000e+00
1.1538e+01	2.7272e+00	7.1845e-01	-9.3187e-02	0.0000e+00	0.0000e+00
1.1748e+01	2.7272e+00	7.1786e-01	-6.8178e-02	0.0000e+00	0.0000e+00
1.1958e+01	2.7272e+00	6.9315e-01	-2.4662e-03	0.0000e+00	0.0000e+00
1.2168e+01	2.7272e+00	6.7126e-01	3.3007e-02	0.0000e+00	0.0000e+00
1.2377e+01	2.7272e+00	6.8096e-01	8.9195e-02	0.0000e+00	0.0000e+00
1.2587e+01	2.7272e+00	6.9008e-01	7.6065e-02	0.0000e+00	0.0000e+00
1.2797e+01	2.7272e+00	7.2530e-01	1.3214e-01	0.0000e+00	0.0000e+00
1.3007e+01	2.7272e+00	7.1852e-01	1.6262e-01	0.0000e+00	0.0000e+00
1.3217e+01	2.7272e+00	7.2199e-01	1.5548e-01	0.0000e+00	0.0000e+00
1.3426e+01	2.7272e+00	7.2022e-01	1.5691e-01	0.0000e+00	0.0000e+00
1.3636e+01	2.7272e+00	7.2333e-01	1.7635e-01	0.0000e+00	0.0000e+00
1.3846e+01	2.7272e+00	7.4683e-01	1.6602e-01	0.0000e+00	0.0000e+00
1.4056e+01	2.7272e+00	7.4013e-01	1.4736e-01	0.0000e+00	0.0000e+00
1.4265e+01	2.7272e+00	7.4606e-01	1.2731e-01	0.0000e+00	0.0000e+00
1.4475e+01	2.7272e+00	7.5574e-01	9.1572e-02	0.0000e+00	0.0000e+00
1.4685e+01	2.7272e+00	7.2237e-01	7.8238e-02	0.0000e+00	0.0000e+00
1.4895e+01	2.7272e+00	7.7970e-01	3.5852e-02	1.0000e+00	0.0000e+00
1.5105e+01	2.7272e+00	7.8545e-01	-4.9419e-04	0.0000e+00	0.0000e+00
1.5314e+01	2.7272e+00	7.8510e-01	-2.3246e-02	0.0000e+00	0.0000e+00
1.5524e+01	2.7272e+00	7.7024e-01	-3.6619e-02	0.0000e+00	0.0000e+00
1.5734e+01	2.7272e+00	7.9099e-01	-3.9237e-02	0.0000e+00	0.0000e+00
1.5944e+01	2.7272e+00	1.3198e+00	1.0520e+00	0.0000e+00	0.0000e+00
1.6154e+01	2.7272e+00	7.8244e-01	-7.4902e-02	0.0000e+00	0.0000e+00
1.6363e+01	2.7272e+00	8.2343e-01	-8.4853e-02	0.0000e+00	0.0000e+00
1.6573e+01	2.7272e+00	7.7125e-01	-1.1077e-01	0.0000e+00	0.0000e+00
1.6783e+01	2.7272e+00	7.9809e-01	-1.0129e-01	0.0000e+00	0.0000e+00
1.6993e+01	2.7272e+00	8.2520e-01	-8.4034e-02	0.0000e+00	0.0000e+00
1.7202e+01	2.7272e+00	8.0368e-01	-8.8787e-02	0.0000e+00	0.0000e+00
1.7412e+01	2.7272e+00	7.9712e-01	-3.9200e-02	0.0000e+00	0.0000e+00
1.7622e+01	2.7272e+00	7.6222e-01	-4.8403e-02	0.0000e+00	0.0000e+00
1.7832e+01	2.7272e+00	7.7919e-01	-3.4263e-02	0.0000e+00	0.0000e+00
1.8042e+01	2.7272e+00	7.5244e-01	9.2413e-03	0.0000e+00	0.0000e+00
1.8251e+01	2.7272e+00	7.6842e-01	5.0735e-03	0.0000e+00	0.0000e+00
1.8461e+01	2.7272e+00	7.8111e-01	-7.7985e-03	0.0000e+00	0.0000e+00
1.8671e+01	2.7272e+00	7.7295e-01	-1.0414e-02	0.0000e+00	0.0000e+00
1.8881e+01	2.7272e+00	7.5713e-01	3.7071e-02	0.0000e+00	0.0000e+00
1.9091e+01	2.7272e+00	7.3425e-01	1.8500e-02	0.0000e+00	0.0000e+00
1.9300e+01	2.7272e+00	7.5913e-01	2.6829e-02	0.0000e+00	0.0000e+00
1.9510e+01	2.7272e+00	7.5125e-01	4.6348e-03	0.0000e+00	0.0000e+00
1.9720e+01	2.7272e+00	7.3184e-01	1.7456e-02	0.0000e+00	0.0000e+00
2.0979e-01	2.5174e+00	3.3488e-01	1.8424e-03	0.0000e+00	0.0000e+00
4.1957e-01	2.5174e+00	2.5566e-01	1.0757e-02	0.0000e+00	0.0000e+00
6.2936e-01	2.5174e+00	2.5455e-01	-2.8536e-02	0.0000e+00	0.0000e+00
8.3915e-01	2.5174e+00	3.1673e-01	-3.7656e-02	0.0000e+00	0.0000e+00
1.0489e+00	2.5174e+00	2.3127e-01	-3.5915e-02	0.0000e+00	0.0000e+00
1.2587e+00	2.5174e+00	2.7699e-01	-4.4748e-02	0.0000e+00	0.0000e+00
1.4685e+00	2.5174e+00	9.8223e-02	8.5182e-03	0.0000e+00	0.0000e+00
1.6783e+00	2.5174e+00	2.5989e-01	1.0267e-01	0.0000e+00	0.0000e+00
1.8881e+00	2.5174e+00	4.1072e-01	1.3645e-01	0.0000e+00	0.0000e+00
2.0979e+00	2.5174e+00	3.7576e-01	1.9311e-01	0.0000e+00	0.0000e+00
2.3077e+00	2.5174e+00	3.8952e-01	1.3770e-01	0.0000e+00	0.0000e+00
2.5174e+00	2.5174e+00	5.0915e-01	7.2469e-02	0.0000e+00	0.0000e+00
2.7272e+00	2.5174e+00	7.8351e-01	5.1395e-02	0.0000e+00	0.0000e+00
2.9370e+00	2.5174e+00	8.6218e-01	-1.8867e-01	0.0000e+00	0.0000e+00
3.1468e+00	2.5174e+00	9.1026e-01	-2.7371e-01	0.0000e+00	0.0000e+00
3.3566e+00	2.5174e+00	9.1475e-01	-3.6598e-01	0.0000e+00	0.0000e+00
3.5664e+00	2.5174e+00	9.6558e-01	-3.9068e-01	0.0000e+00	0.0000e+00
3.7762e+00	2.5174e+00	9.1311e-01	-3.7534e-01	0.0000e+00	0.0000e+00
3.9859e+00	2.5174e+00	8.8396e-01	-3.6480e-01	0.0000e+00	0.0000e+00
4.1957e+00	2.5174e+00	8.6277e-01	-3.4852e-01	0.0000e+00	0.0000e+00
4.4055e+00	2.5174e+00	8.0157e-01	-3.3767e-01	0.0000e+00	0.0000e+00
4.6153e+00	2.5174e+00	7.8462e-01	-3.0821e-01	0.0000e+00	0.0000e+00
4.8251e+00	2.5174e+00	7.5511e-01	-2.6100e-01	0.0000e+00	0.0000e+00
5.0349e+00	2.5174e+00	6.9356e-01	-2.4970e-01	0.0000e+00	0.0000e+00
5.2447e+00	2.5174e+00	6.6002e-01	-2.3081e-01	0.0000e+00	0.0000e+00
5.4545e+00	2.5174e+00	6.5262e-01	-1.9722e-01	0.0000e+00	0.0000e+00
5.6642e+00	2.5174e+00	6.6503e-01	-5.3526e-02	0.0000e+00	0.0000e+00
5.8740e+00	2.5174e+00	6.6783e-01	4.3817e-02	0.0000e+00	0.0000e+00
6.0838e+00	2.5174e+00	7.1176e-01	1.5135e-01	0.0000e+00	0.0000e+00
6.2936e+00	2.5174e+00	7.2229e-01	2.4610e-01	0.0000e+00	0.0000e+00
6.5034e+00	2.5174e+00	7.6510e-01	3.1625e-01	0.0000e+00	0.0000e+00
6.7132e+00	2.5174e+00	7.9973e-01	3.6985e-01	0.0000e+00	0.0000e+00
6.9230e+00	2.5174e+00	8.0780e-01	3.9453e-01	0.0000e+00	0.0000e+00
7.1327e+00	2.5174e+00	8.3135e-01	3.6230e-01	0.0000e+00	0.0000e+00
7.3425e+00	2.5174e+00	8.1216e-01	3.8612e-01	0.0000e+00	0.0000e+00
7.5523e+00	2.5174e+00	8.2743e-01	3.8107e-01	0.0000e+00	0.0000e+00
7.7621e+00	2.5174e+00	8.4617e-01	3.6433e-01	0.0000e+00	0.0000e+00
7.9719e+00	2.5174e+00	9.3299e-01	3.1853e-01	0.0000e+00	0.0000e+00
8.1817e+00	2.5174e+00	8.4009e-01	2.2178e-01	0.0000e+00	0.0000e+00
8.3915e+00	2.5174e+00	8.5162e-01	1.5839e-01	0.0000e+00	0.0000e+00
8.6012e+00	2.5174e+00	8.5952e-01	-8.2091e-03	0.0000e+00	0.0000e+00
8.8110e+00	2.5174e+00	8.2620e-01	-1.0930e-01	0.0000e+00	0.0000e+00
9.0208e+00	2.5174e+00	8.4755e-01	-1.8610e-01	0.0000e+00	0.0000e+00
9.2306e+00	2.5174e+00	8.6382e-01	-2.2809e-01	0.0000e+00	0.0000e+00
9.4404e+00	2.5174e+00	8.5749e-01	-2.8863e-01	0.0000e+00	0.0000e+00
9.6502e+00	2.5174e+00	8.4008e-01	-3.0289e-01	0.0000e+00	0.0000e+00
9.8600e+00	2.5174e+00	8.3640e-01	-2.9364e-01	0.0000e+00	0.0000e+00
1.0070e+01	2.5174e+00	8.3369e-01	-2.6293e-01	0.0000e+00	0.0000e+00
1.0280e+01	2.5174e+00	7.4084e-01	-2.8837e-01	0.0000e+00	0.0000e+00
1.0489e+01	2.5174e+00	7.7052e-01	-2.4946e-01	0.0000e+00	0.0000e+00
1.0699e+01	2.5174e+00	7.7841e-01	-2.4355e-01	0.0000e+00	0.0000e+00
1.0909e+01	2.5174e+00	7.3104e-01	-2.0314e-01	0.0000e+00	0.0000e+00
1.1119e+01	2.5174e+00	7.0421e-01	-1.8207e-01	0.0000e+00	0.0000e+00
1.1328e+01	2.5174e+00	6.9687e-01	-1.3265e-01	0.0000e+00	0.0000e+00
1.1538e+01	2.5174e+00	7.0755e-01	-9.8547e-02	0.0000e+00	0.0000e+00
1.1748e+01	2.5174e+00	7.0258e-01	-7.3812e-02	0.0000e+00	0.0000e+00
1.1958e+01	2.5174e+00	6.7703e-01	-6.7994e-03	0.0000e+00	0.0000e+00
1.2168e+01	2.5174e+00	6.8124e-01	3.9175e-02	0.0000e+00	0.0000e+00
1.2377e+01	2.5174e+00	6.7505e-01	8.0337e-02	0.0000e+00	0.0000e+00
1.2587e+01	2.5174e+00	7.0561e-01	8.6945e-02	0.0000e+00	0.0000e+00
1.2797e+01	2.5174e+00	7.0988e-01	1.1475e-01	0.0000e+00	0.0000e+00
1.3007e+01	2.5174e+00	6.8799e-01	1.4314e-01	0.0000e+00	0.0000e+00
1.3217e+01	2.5174e+00	7.0958e-01	1.4768e-01	0.0000e+00	0.0000e+00
1.3426e+01	2.5174e+00	6.8609e-01	1.8913e-01	0.0000e+00	0.0000e+00
1.3636e+01	2.5174e+00	7.2251e-01	1.7391e-01	0.0000e+00	0.0000e+00
1.3846e+01	2.5174e+00	6.9357e-01	1.7344e-01	0.0000e+00	0.0000e+00
1.4056e+01	2.5174e+00	7.1385e-01	1.6039e-01	0.0000e+00	0.0000e+00
1.4265e+01	2.5174e+00	7.1659e-01	1.1744e-01	0.0000e+00	0.0000e+00
1.4475e+01	2.5174e+00	7.1725e-01	1.2210e-01	0.0000e+00	0.0000e+00
1.4685e+01	2.5174e+00	7.0564e-01	8.4331e-02	0.0000e+00	0.0000e+00
1.4895e+01	2.5174e+00	7.2668e-01	5.3646e-02	0.0000e+00	0.0000e+00
1.5105e+01	2.5174e+00	7.4722e-01	1.2956e-02	0.0000e+00	0.0000e+00
1.5314e+01	2.5174e+00	7.5244e-01	-1.6460e-02	0.0000e+00	0.0000e+00
1.5524e+01	2.5174e+00	7.4738e-01	-4.1374e-02	0.0000e+00	0.0000e+00
1.5734e+01	2.5174e+00	7.6815e-01	-2.9245e-02	0.0000e+00	0.0000e+00
1.5944e+01	2.5174e+00	7.7038e-01	-9.8867e-02	0.0000e+00	0.0000e+00
1.6154e+01	2.5174e+00	7.4565e-01	-6.4991e-02	0.0000e+00	0.0000e+00
1.6363e+01	2.5174e+00	8.0198e-01	-8.8312e-02	0.0000e+00	0.0000e+00
1.6573e+01	2.5174e+00	7.2803e-01	-8.4855e-02	0.0000e+00	0.0000e+00
1.6783e+01	2.5174e+00	7.8679e-01	-8.6408e-02	0.0000e+00	0.0000e+00
1.6993e+01	2.5174e+00	7.5332e-01	-1.0913e-01	0.0000e+00	0.0000e+00
1.7202e+01	2.5174e+00	7.7444e-01	-1.0290e-01	0.0000e+00	0.0000e+00
1.7412e+01	2.5174e+00	7.7194e-01	-9.3668e-02	0.0000e+00	0.0000e+00
1.7622e+01	2.5174e+00	7.6630e-01	-6.3670e-02	0.0000e+00	0.0000e+00
1.7832e+01	2.5174e+00	7.5248e-01	-4.0471e-02	0.0000e+00	0.0000e+00
1.8042e+01	2.5174e+00	7.2774e-01	-4.7570e-02	0.0000e+00	0.0000e+00
1.8251e+01	2.5174e+00	7.3845e-01	-7.5180e-03	0.0000e+00	0.0000e+00
1.8461e+01	2.5174e+00	7.5498e-01	-1.8768e-02	1.0000e+00	0.0000e+00
1.8671e+01	2.5174e+00	7.4568e-01	-3.2432e-02	0.0000e+00	0.0000e+00
1.8881e+01	2.5174e+00	7.3689e-01	-9.0763e-03	0.0000e+00	0.0000e+00
1.9091e+01	2.5174e+00	7.1426e-01	2.9611e-03	0.0000e+00	0.0000e+00
1.9300e+01	2.5174e+00	7.2181e-01	5.9947e-02	0.0000e+00	0.0000e+00
1.9510e+01	2.5174e+00	7.1489e-01	3.7609e-02	0.0000e+00	0.0000e+00
1.9720e+01	2.5174e+00	7.2458e-01	2.0741e-02	0.0000e+00	0.0000e+00
2.0979e-01	2.3077e+00	9.1884e-02	1.8182e-01	0.0000e+00	0.0000e+00
4.1957e-01	2.3077e+00	1.0114e-01	5.0853e-02	0.0000e+00	0.0000e+00
6.2936e-01	2.3077e+00	-3.9725e-03	-2.4076e-02	0.0000e+00	0.0000e+00
8.3915e-01	2.3077e+00	-4.9282e-02	-2.8613e-02	0.0000e+00	0.0000e+00
1.0489e+00	2.3077e+00	-8.6143e-02	-6.4763e-02	0.0000e+00	0.0000e+00
1.2587e+00	2.3077e+00	-8.1778e-02	-5.1429e-02	0.0000e+00	0.0000e+00
1.4685e+00	2.3077e+00	-1.2191e-01	1.6918e-02	0.0000e+00	0.0000e+00
1.6783e+00	2.3077e+00	-1.7776e-01	9.2081e-02	0.0000e+00	0.0000e+00
1.8881e+00	2.3077e+00	-5.7235e-02	2.3846e-01	0.0000e+00	0.0000e+00
2.0979e+00	2.3077e+00	-3.8652e-02	2.8706e-01	0.0000e+00	0.0000e+00
2.3077e+00	2.3077e+00	1.2668e-01	3.1819e-01	0.0000e+00	0.0000e+00
2.5174e+00	2.3077e+00	2.8591e-01	2.3572e-01	0.0000e+00	0.0000e+00
2.7272e+00	2.3077e+00	3.1701e-01	1.5377e-01	0.0000e+00	0.0000e+00
2.9370e+00	2.3077e+00	5.3554e-01	1.2422e-03	0.0000e+00	0.0000e+00
3.1468e+00	2.3077e+00	7.0318e-01	-1.8099e-01	0.0000e+00	0.0000e+00
3.3566e+00	2.3077e+00	7.6098e-01	-2.9933e-01	0.0000e+00	0.0000e+00
3.5664e+00	2.3077e+00	8.6937e-01	-3.4269e-01	0.0000e+00	0.0000e+00
3.7762e+00	2.3077e+00	8.7512e-01	-4.1119e-01	0.0000e+00	0.0000e+00
3.9859e+00	2.3077e+00	7.6571e-01	-4.0608e-01	0.0000e+00	0.0000e+00
4.1957e+00	2.3077e+00	8.0882e-01	-3.6707e-01	0.0000e+00	0.0000e+00
4.4055e+00	2.3077e+00	7.7423e-01	-3.1697e-01	0.0000e+00	0.0000e+00
4.6153e+00	2.3077e+00	7.4881e-01	-3.2817e-01	0.0000e+00	0.0000e+00
4.8251e+00	2.3077e+00	7.3371e-01	-3.3397e-01	0.0000e+00	0.0000e+00
5.0349e+00	2.3077e+00	6.8247e-01	-3.0302e-01	0.0000e+00	0.0000e+00
5.2447e+00	2.3077e+00	6.5807e-01	-2.6041e-01	0.0000e+00	0.0000e+00
5.4545e+00	2.3077e+00	6.4047e-01	-1.6993e-01	0.0000e+00	0.0000e+00
5.6642e+00	2.3077e+00	6.7326e-01	-6.2145e-02	0.0000e+00	0.0000e+00
5.8740e+00	2.3077e+00	6.8725e-01	3.4931e-02	0.0000e+00	0.0000e+00
6.0838e+00	2.3077e+00	7.2458e-01	2.1528e-01	0.0000e+00	0.0000e+00
6.2936e+00	2.3077e+00	7.4411e-01	2.6806e-01	0.0000e+00	0.0000e+00
6.5034e+00	2.3077e+00	7.9261e-01	3.2126e-01	0.0000e+00	0.0000e+00
6.7132e+00	2.3077e+00	8.0814e-01	3.7116e-01	0.0000e+00	0.0000e+00
6.9230e+00	2.3077e+00	8.2933e-01	4.0790e-01	0.0000e+00	0.0000e+00
7.1327e+00	2.3077e+00	7.8509e-01	3.8724e-01	0.0000e+00	0.0000e+00
7.3425e+00	2.3077e+00	8.1321e-01	4.0174e-01	0.0000e+00	0.0000e+00
7.5523e+00	2.3077e+00	7.8854e-01	3.8179e-01	0.0000e+00	0.0000e+00
7.7621e+00	2.3077e+00	7.8926e-01	3.3435e-01	0.0000e+00	0.0000e+00
7.9719e+00	2.3077e+00	7.8793e-01	3.0191e-01	0.0000e+00	0.0000e+00
8.1817e+00	2.3077e+00	7.9876e-01	2.4600e-01	0.0000e+00	0.0000e+00
8.3915e+00	2.3077e+00	7.8246e-01	1.0994e-01	0.0000e+00	0.0000e+00
8.6012e+00	2.3077e+00	7.8108e-01	9.7037e-03	0.0000e+00	0.0000e+00
8.8110e+00	2.3077e+00	7.8454e-01	-6.2897e-02	0.0000e+00	0.0000e+00
9.0208e+00	2.3077e+00	8.0184e-01	-1.9143e-01	0.0000e+00	0.0000e+00
9.2306e+00	2.3077e+00	8.1372e-01	-2.2446e-01	1.0000e+00	0.0000e+00
9.4404e+00	2.3077e+00	8.2572e-01	-2.7768e-01	0.0000e+00	0.0000e+00
9.6502e+00	2.3077e+00	8.1363e-01	-3.0997e-01	0.0000e+00	0.0000e+00
9.8600e+00	2.3077e+00	7.9959e-01	-3.1680e-01	0.0000e+00	0.0000e+00
1.0070e+01	2.3077e+00	7.7506e-01	-3.1162e-01	0.0000e+00	0.0000e+00
1.0280e+01	2.3077e+00	7.4236e-01	-2.7892e-01	0.0000e+00	0.0000e+00
1.0489e+01	2.3077e+00	7.2284e-01	-2.6995e-01	0.0000e+00	0.0000e+00
1.0699e+01	2.3077e+00	7.2456e-01	-2.5554e-01	0.0000e+00	0.0000e+00
1.0909e+01	2.3077e+00	7.0434e-01	-2.2884e-01	0.0000e+00	0.0000e+00
1.1119e+01	2.3077e+00	7.1032e-01	-2.2015e-01	0.0000e+00	0.0000e+00
1.1328e+01	2.3077e+00	7.0023e-01	-1.4995e-01	0.0000e+00	0.0000e+00
1.1538e+01	2.3077e+00	6.8617e-01	-1.1137e-01	0.0000e+00	0.0000e+00
1.1748e+01	2.3077e+00	7.0079e-01	-8.3004e-02	0.0000e+00	0.0000e+00
1.1958e+01	2.3077e+00	6.8078e-01	-3.9931e-03	0.0000e+00	0.0000e+00
1.2168e+01	2.3077e+00	6.9233e-01	3.6454e-02	0.0000e+00	0.0000e+00
1.2377e+01	2.3077e+00	6.7619e-01	7.4363e-02	0.0000e+00	0.0000e+00
1.2587e+01	2.3077e+00	6.9541e-01	1.0334e-01	0.0000e+00	0.0000e+00
1.2797e+01	2.3077e+00	6.8698e-01	1.2958e-01	0.0000e+00	0.0000e+00
1.3007e+01	2.3077e+00	6.8017e-01	1.9006e-01	0.0000e+00	0.0000e+00
1.3217e+01	2.3077e+00	7.0696e-01	1.7331e-01	0.0000e+00	0.0000e+00
1.3426e+01	2.3077e+00	6.8551e-01	1.8014e-01	0.0000e+00	0.0000e+00
1.3636e+01	2.3077e+00	7.2192e-01	1.9513e-01	0.0000e+00	0.0000e+00
1.3846e+01	2.3077e+00	7.0360e-01	1.8610e-01	0.0000e+00	0.0000e+00
1.4056e+01	2.3077e+00	6.9784e-01	1.4354e-01	0.0000e+00	0.0000e+00
1.4265e+01	2.3077e+00	6.8995e-01	1.2425e-01	0.0000e+00	0.0000e+00
1.4475e+01	2.3077e+00	7.0607e-01	7.1138e-02	0.0000e+00	0.0000e+00
1.4685e+01	2.3077e+00	7.2361e-01	5.1486e-02	0.0000e+00	0.0000e+00
1.4895e+01	2.3077e+00	7.1652e-01	4.4303e-02	0.0000e+00	0.0000e+00
1.5105e+01	2.3077e+00	7.0630e-01	3.6082e-02	0.0000e+00	0.0000e+00
1.5314e+01	2.3077e+00	7.2077e-01	-4.7728e-03	0.0000e+00	0.0000e+00
1.5524e+01	2.3077e+00	7.4102e-01	-1.3504e-03	0.0000e+00	0.0000e+00
1.5734e+01	2.3077e+00	7.1562e-01	-7.4703e-02	0.0000e+00	0.0000e+00
1.5944e+01	2.3077e+00	7.4600e-01	-7.3962e-02	0.0000e+00	0.0000e+00
1.6154e+01	2.3077e+00	7.5886e-01	-4.4745e-02	1.0000e+00	0.0000e+00
1.6363e+01	2.3077e+00	7.9842e-01	-7.5934e-02	0.0000e+00	0.0000e+00
1.6573e+01	2.3077e+00	7.1464e-01	-1.0431e-01	0.0000e+00	0.0000e+00
1.6783e+01	2.3077e+00	7.5354e-01	-8.2332e-02	0.0000e+00	0.0000e+00
1.6993e+01	2.3077e+00	7.4258e-01	-1.0517e-01	0.0000e+00	0.0000e+00
1.7202e+01	2.3077e+00	7.4508e-01	-9.7104e-02	0.0000e+00	0.0000e+00
1.7412e+01	2.3077e+00	7.3643e-01	-7.1223e-02	0.0000e+00	0.0000e+00
1.7622e+01	2.3077e+00	7.6778e-01	-7.4288e-02	0.0000e+00	0.0000e+00
1.7832e+01	2.3077e+00	7.3153e-01	-5.1990e-02	0.0000e+00	0.0000e+00
1.8042e+01	2.3077e+00	7.4274e-01	-3.5319e-02	0.0000e+00	0.0000e+00
1.8251e+01	2.3077e+00	7.2442e-01	-2.2054e-02	0.0000e+00	0.0000e+00
1.8461e+01	2.3077e+00	7.0541e-01	-2.6690e-02	0.0000e+00	0.0000e+00
1.8671e+01	2.3077e+00	7.1318e-01	-1.4842e-02	0.0000e+00	0.0000e+00
1.8881e+01	2.3077e+00	7.1398e-01	2.0435e-03	0.0000e+00	0.0000e+00
1.9091e+01	2.3077e+00	7.0477e-01	-7.5514e-03	0.0000e+00	0.0000e+00
1.9300e+01	2.3077e+00	7.2723e-01	-2.8642e-02	0.0000e+00	0.0000e+00
1.9510e+01	2.3077e+00	6.9089e-01	2.2571e-02	0.0000e+00	0.0000e+00
1.9720e+01	2.3077e+00	7.2132e-01	2.4910e-02	0.0000e+00	0.0000e+00
2.0979e-01	2.0979e+00	2.4149e-01	-3.1976e-02	1.0000e+00	0.0000e+00
4.1957e-01	2.0979e+00	1.9027e-02	-1.9768e-02	0.0000e+00	0.0000e+00
6.2936e-01	2.0979e+00	-1.3969e-02	-9.8040e-02	0.0000e+00	0.0000e+00
8.3915e-01	2.0979e+00	-1.2394e-01	-1.2090e-01	0.0000e+00	0.0000e+00
1.0489e+00	2.0979e+00	-1.6721e-01	-1.0136e-01	0.0000e+00	0.0000e+00
1.2587e+00	2.0979e+00	-2.0284e-01	-7.9869e-02	0.0000e+00	0.0000e+00
1.4685e+00	2.0979e+00	-2.1556e-01	1.1804e-02	0.0000e+00	0.0000e+00
1.6783e+00	2.0979e+00	-2.5794e-01	1.6398e-01	0.0000e+00	0.0000e+00
1.8881e+00	2.0979e+00	-1.6676e-01	2.9176e-01	0.0000e+00	0.0000e+00
2.0979e+00	2.0979e+00	-9.4844e-02	3.7153e-01	0.0000e+00	0.0000e+00
2.3077e+00	2.0979e+00	-5.4463e-02	4.1918e-01	0.0000e+00	0.0000e+00
2.5174e+00	2.0979e+00	1.1162e-01	3.5853e-01	0.0000e+00	0.0000e+00
2.7272e+00	2.0979e+00	1.9746e-01	2.8535e-01	0.0000e+00	0.0000e+00
2.9370e+00	2.0979e+00	3.3527e-01	1.0637e-01	0.0000e+00	0.0000e+00
3.1468e+00	2.0979e+00	4.8467e-01	-6.7535e-02	0.0000e+00	0.0000e+00
3.3566e+00	2.0979e+00	5.5362e-01	-1.7759e-01	0.0000e+00	0.0000e+00
3.5664e+00	2.0979e+00	6.8005e-01	-3.5907e-01	0.0000e+00	0.0000e+00
3.7762e+00	2.0979e+00	6.8018e-01	-4.3110e-01	0.0000e+00	0.0000e+00
3.9859e+00	2.0979e+00	7.1456e-01	-3.9352e-01	0.0000e+00	0.0000e+00
4.1957e+00	2.0979e+00	7.5292e-01	-3.8520e-01	0.0000e+00	0.0000e+00
4.4055e+00	2.0979e+00	7.5629e-01	-3.6083e-01	0.0000e+00	0.0000e+00
4.6153e+00	2.0979e+00	7.0134e-01	-3.6263e-01	0.0000e+00	0.0000e+00
4.8251e+00	2.0979e+00	7.1301e-01	-3.4643e-01	0.0000e+00	0.0000e+00
5.0349e+00	2.0979e+00	6.7312e-01	-3.1246e-01	0.0000e+00	0.0000e+00
5.2447e+00	2.0979e+00	6.6573e-01	-2.6776e-01	0.0000e+00	0.0000e+00
5.4545e+00	2.0979e+00	6.9191e-01	-1.4640e-01	0.0000e+00	0.0000e+00
5.6642e+00	2.0979e+00	7.0109e-01	-4.3420e-02	0.0000e+00	0.0000e+00
5.8740e+00	2.0979e+00	6.9947e-01	7.5329e-02	0.0000e+00	0.0000e+00
6.0838e+00	2.0979e+00	7.9099e-01	2.6228e-01	0.0000e+00	0.0000e+00
6.2936e+00	2.0979e+00	7.8451e-01	3.1318e-01	0.0000e+00	0.0000e+00
6.5034e+00	2.0979e+00	8.3590e-01	3.4370e-01	0.0000e+00	0.0000e+00
6.7132e+00	2.0979e+00	8.2807e-01	3.8976e-01	0.0000e+00	0.0000e+00
6.9230e+00	2.0979e+00	8.3564e-01	3.8333e-01	0.0000e+00	0.0000e+00
7.1327e+00	2.0979e+00	7.9935e-01	3.8727e-01	0.0000e+00	0.0000e+00
7.3425e+00	2.0979e+00	8.1695e-01	3.8817e-01	0.0000e+00	0.0000e+00
7.5523e+00	2.0979e+00	8.0167e-01	3.2321e-01	1.0000e+00	0.0000e+00
7.7621e+00	2.0979e+00	7.7393e-01	3.3184e-01	0.0000e+00	0.0000e+00
7.9719e+00	2.0979e+00	7.5719e-01	2.9931e-01	0.0000e+00	0.0000e+00
8.1817e+00	2.0979e+00	7.3141e-01	2.2611e-01	0.0000e+00	0.0000e+00
8.3915e+00	2.0979e+00	7.4532e-01	1.5625e-01	0.0000e+00	0.0000e+00
8.6012e+00	2.0979e+00	7.5637e-01	2.6841e-03	0.0000e+00	0.0000e+00
8.8110e+00	2.0979e+00	7.5839e-01	-7.8643e-02	0.0000e+00	0.0000e+00
9.0208e+00	2.0979e+00	7.5720e-01	-1.5078e-01	0.0000e+00	0.0000e+00
9.2306e+00	2.0979e+00	7.7586e-01	-2.3137e-01	0.0000e+00	0.0000e+00
9.4404e+00	2.0979e+00	7.6235e-01	-3.0389e-01	0.0000e+00	0.0000e+00
9.6502e+00	2.0979e+00	7.6299e-01	-3.2209e-01	0.0000e+00	0.0000e+00
9.8600e+00	2.0979e+00	7.6769e-01	-3.3331e-01	0.0000e+00	0.0000e+00
1.0070e+01	2.0979e+00	7.3780e-01	-3.0697e-01	0.0000e+00	0.0000e+00
1.0280e+01	2.0979e+00	7.2549e-01	-3.0267e-01	0.0000e+00	0.0000e+00
1.0489e+01	2.0979e+00	7.3323e-01	-2.8997e-01	0.0000e+00	0.0000e+00
1.0699e+01	2.0979e+00	6.9861e-01	-2.9012e-01	0.0000e+00	0.0000e+00
1.0909e+01	2.0979e+00	7.1967e-01	-2.4581e-01	0.0000e+00	0.0000e+00
1.1119e+01	2.0979e+00	7.0626e-01	-1.9581e-01	0.0000e+00	0.0000e+00
1.1328e+01	2.0979e+00	6.7347e-01	-1.7293e-01	0.0000e+00	0.0000e+00
1.1538e+01	2.0979e+00	6.7834e-01	-1.1481e-01	0.0000e+00	0.0000e+00
1.1748e+01	2.0979e+00	6.6369e-01	-7.1783e-02	0.0000e+00	0.0000e+00
1.1958e+01	2.0979e+00	6.6894e-01	-1.2970e-02	0.0000e+00	0.0000e+00
1.2168e+01	2.0979e+00	6.7973e-01	1.1945e-02	0.0000e+00	0.0000e+00
1.2377e+01	2.0979e+00	6.7448e-01	8.5392e-02	0.0000e+00	0.0000e+00
1.2587e+01	2.0979e+00	6.9873e-01	1.0502e-01	0.0000e+00	0.0000e+00
1.2797e+01	2.0979e+00	6.9970e-01	1.4468e-01	0.0000e+00	0.0000e+00
1.3007e+01	2.0979e+00	7.1701e-01	1.4129e-01	1.0000e+00	0.0000e+00
1.3217e+01	2.0979e+00	7.0918e-01	1.6229e-01	0.0000e+00	0.0000e+00
1.3426e+01	2.0979e+00	6.9341e-01	1.5767e-01	0.0000e+00	0.0000e+00
1.3636e+01	2.0979e+00	7.1546e-01	1.3271e-01	0.0000e+00	0.0000e+00
1.3846e+01	2.0979e+00	6.9433e-01	1.7079e-01	0.0000e+00	0.0000e+00
1.4056e+01	2.0979e+00	7.0305e-01	1.6259e-01	0.0000e+00	0.0000e+00
1.4265e+01	2.0979e+00	7.0911e-01	1.4444e-01	0.0000e+00	0.0000e+00
1.4475e+01	2.0979e+00	7.1254e-01	8.5061e-02	0.0000e+00	0.0000e+00
1.4685e+01	2.0979e+00	6.8054e-01	8.9180e-02	0.0000e+00	0.0000e+00
1.4895e+01	2.0979e+00	7.1134e-01	6.2700e-02	0.0000e+00	0.0000e+00
1.5105e+01	2.0979e+00	6.7856e-01	3.8322e-02	0.0000e+00	0.0000e+00
1.5314e+01	2.0979e+00	7.1392e-01	3.9383e-03	0.0000e+00	0.0000e+00
1.5524e+01	2.0979e+00	6.6042e-01	-4.1354e-02	0.0000e+00	0.0000e+00
1.5734e+01	2.0979e+00	6.9715e-01	-4.8677e-02	0.0000e+00	0.0000e+00
1.5944e+01	2.0979e+00	7.1914e-01	-6.1990e-02	0.0000e+00	0.0000e+00
1.6154e+01	2.0979e+00	7.4308e-01	-6.7361e-02	0.0000e+00	0.0000e+00
1.6363e+01	2.0979e+00	7.4100e-01	-7.1600e-02	0.0000e+00	0.0000e+00
1.6573e+01	2.0979e+00	7.2779e-01	-8.7349e-02	0.0000e+00	0.0000e+00
1.6783e+01	2.0979e+00	7.2747e-01	-7.5839e-02	0.0000e+00	0.0000e+00
1.6993e+01	2.0979e+00	7.1555e-01	-7.4363e-02	0.0000e+00	0.0000e+00
1.7202e+01	2.0979e+00	7.2324e-01	-9.5270e-02	0.0000e+00	0.0000e+00
1.7412e+01	2.0979e+00	6.8236e-01	-9.6095e-02	0.0000e+00	0.0000e+00
1.7622e+01	2.0979e+00	7.5671e-01	-9.6689e-02	0.0000e+00	0.0000e+00
1.7832e+01	2.0979e+00	7.1102e-01	-4.2269e-02	0.0000e+00	0.0000e+00
1.8042e+01	2.0979e+00	7.3084e-01	-6.1112e-02	0.0000e+00	0.0000e+00
1.8251e+01	2.0979e+00	7.2427e-01	-6.1471e-02	0.0000e+00	0.0000e+00
1.8461e+01	2.0979e+00	7.3749e-01	-1.9467e-02	0.0000e+00	0.0000e+00
1.8671e+01	2.0979e+00	7.1676e-01	9.6824e-04	0.0000e+00	0.0000e+00
1.8881e+01	2.0979e+00	6.8532e-01	-6.3822e-03	0.0000e+00	0.0000e+00
1.9091e+01	2.0979e+00	6.9907e-01	-2.2807e-03	0.0000e+00	0.0000e+00
1.9300e+01	2.0979e+00	7.2368e-01	-1.3396e-02	0.0000e+00	0.0000e+00
1.9510e+01	2.0979e+00	6.9399e-01	1.0028e-04	0.0000e+00	0.0000e+00
1.9720e+01	2.0979e+00	7.1579e-01	1.1801e-02	0.0000e+00	0.0000e+00
2.0979e-01	1.8881e+00	2.0696e-01	-5.4092e-02	1.0000e+00	0.0000e+00
4.1957e-01	1.8881e+00	7.9505e-02	-6.5528e-02	0.0000e+00	0.0000e+00
6.2936e-01	1.8881e+00	-2.1570e-02	-1.0227e-01	0.0000e+00	0.0000e+00
8.3915e-01	1.8881e+00	-8.7712e-02	-1.5598e-01	0.0000e+00	0.0000e+00
1.0489e+00	1.8881e+00	-1.4482e-01	-1.3490e-01	0.0000e+00	0.0000e+00
1.2587e+00	1.8881e+00	-1.4700e-01	-7.4011e-02	0.0000e+00	0.0000e+00
1.4685e+00	1.8881e+00	-7.0038e-02	2.1704e-02	0.0000e+00	0.0000e+00
1.6783e+00	1.8881e+00	-4.2174e-02	1.9482e-01	0.0000e+00	0.0000e+00
1.8881e+00	1.8881e+00	2.3021e-02	3.4090e-01	0.0000e+00	0.0000e+00
2.0979e+00	1.8881e+00	-1.3152e-02	4.0518e-01	0.0000e+00	0.0000e+00
2.3077e+00	1.8881e+00	2.0511e-02	4.5522e-01	0.0000e+00	0.0000e+00
2.5174e+00	1.8881e+00	7.1137e-02	4.5571e-01	0.0000e+00	0.0000e+00
2.7272e+00	1.8881e+00	1.0689e-01	3.8151e-01	0.0000e+00	0.0000e+00
2.9370e+00	1.8881e+00	2.0571e-01	2.2708e-01	0.0000e+00	0.0000e+00
3.1468e+00	1.8881e+00	3.5165e-01	1.3962e-02	0.0000e+00	0.0000e+00
3.3566e+00	1.8881e+00	4.0430e-01	-1.0958e-01	0.0000e+00	0.0000e+00
3.5664e+00	1.8881e+00	5.5691e-01	-2.9442e-01	0.0000e+00	0.0000e+00
3.7762e+00	1.8881e+00	5.7398e-01	-3.6155e-01	0.0000e+00	0.0000e+00
3.9859e+00	1.8881e+00	6.5767e-01	-4.1090e-01	0.0000e+00	0.0000e+00
4.1957e+00	1.8881e+00	6.5565e-01	-3.9482e-01	0.0000e+00	0.0000e+00
4.4055e+00	1.8881e+00	7.0600e-01	-3.9103e-01	0.0000e+00	0.0000e+00
4.6153e+00	1.8881e+00	6.7632e-01	-3.7873e-01	0.0000e+00	0.0000e+00
4.8251e+00	1.8881e+00	6.7435e-01	-3.5778e-01	0.0000e+00	0.0000e+00
5.0349e+00	1.8881e+00	6.5940e-01	-3.1318e-01	0.0000e+00	0.0000e+00
5.2447e+00	1.8881e+00	6.8677e-01	-2.2452e-01	0.0000e+00	0.0000e+00
5.4545e+00	1.8881e+00	7.1061e-01	-1.2918e-01	0.0000e+00	0.0000e+00
5.6642e+00	1.8881e+00	7.3433e-01	-3.9043e-03	0.0000e+00	0.0000e+00
5.8740e+00	1.8881e+00	7.7240e-01	1.3872e-01	0.0000e+00	0.0000e+00
6.0838e+00	1.8881e+00	8.3571e-01	2.1108e-01	0.0000e+00	0.0000e+00
6.2936e+00	1.8881e+00	8.8808e-01	3.2776e-01	0.0000e+00	0.0000e+00
6.5034e+00	1.8881e+00	8.5456e-01	3.7388e-01	0.0000e+00	0.0000e+00
6.7132e+00	1.8881e+00	9.0276e-01	3.8391e-01	0.0000e+00	0.0000e+00
6.9230e+00	1.8881e+00	8.6119e-01	3.6402e-01	0.0000e+00	0.0000e+00
7.1327e+00	1.8881e+00	7.9580e-01	3.4539e-01	0.0000e+00	0.0000e+00
7.3425e+00	1.8881e+00	8.2076e-01	3.6444e-01	0.0000e+00	0.0000e+00
7.5523e+00	1.8881e+00	7.9962e-01	3.3329e-01	0.0000e+00	0.0000e+00
7.7621e+00	1.8881e+00	7.4700e-01	3.2933e-01	0.0000e+00	0.0000e+00
7.9719e+00	1.8881e+00	7.5521e-01	2.8149e-01	0.0000e+00	0.0000e+00
8.1817e+00	1.8881e+00	7.0329e-01	2.1095e-01	0.0000e+00	0.0000e+00
8.3915e+00	1.8881e+00	6.9962e-01	1.4031e-01	0.0000e+00	0.0000e+00
8.6012e+00	1.8881e+00	6.9957e-01	-7.4451e-03	0.0000e+00	0.0000e+00
8.8110e+00	1.8881e+00	7.0234e-01	-7.1296e-02	0.0000e+00	0.0000e+00
9.0208e+00	1.8881e+00	7.0428e-01	-1.9183e-01	0.0000e+00	0.0000e+00
9.2306e+00	1.8881e+00	6.9795e-01	-2.3659e-01	0.0000e+00	0.0000e+00
9.4404e+00	1.8881e+00	7.1744e-01	-2.9362e-01	0.0000e+00	0.0000e+00
9.6502e+00	1.8881e+00	7.5146e-01	-2.8037e-01	0.0000e+00	0.0000e+00
9.8600e+00	1.8881e+00	7.1204e-01	-2.9667e-01	0.0000e+00	0.0000e+00
1.0070e+01	1.8881e+00	7.1736e-01	-3.1267e-01	0.0000e+00	0.0000e+00
1.0280e+01	1.8881e+00	7.4658e-01	-2.9688e-01	0.0000e+00	0.0000e+00
1.0489e+01	1.8881e+00	7.2696e-01	-2.7509e-01	1.0000e+00	0.0000e+00
1.0699e+01	1.8881e+00	7.1118e-01	-2.7328e-01	0.0000e+00	0.0000e+00
1.0909e+01	1.8881e+00	6.9421e-01	-2.5441e-01	0.0000e+00	0.0000e+00
1.1119e+01	1.8881e+00	6.9183e-01	-2.2589e-01	0.0000e+00	0.0000e+00
1.1328e+01	1.8881e+00	6.6580e-01	-1.8892e-01	0.0000e+00	0.0000e+00
1.1538e+01	1.8881e+00	6.7454e-01	-1.3253e-01	0.0000e+00	0.0000e+00
1.1748e+01	1.8881e+00	6.6814e-01	-5.5167e-02	0.0000e+00	0.0000e+00
1.1958e+01	1.8881e+00	6.9757e-01	-8.2869e-03	0.0000e+00	0.0000e+00
1.2168e+01	1.8881e+00	6.9082e-01	5.0639e-02	0.0000e+00	0.0000e+00
1.2377e+01	1.8881e+00	6.7779e-01	1.0210e-01	0.0000e+00	0.0000e+00
1.2587e+01	1.8881e+00	7.1026e-01	1.2178e-01	0.0000e+00	0.0000e+00
1.2797e+01	1.8881e+00	7.1438e-01	1.4836e-01	0.0000e+00	0.0000e+00
1.3007e+01	1.8881e+00	7.0298e-01	1.6028e-01	0.0000e+00	0.0000e+00
1.3217e+01	1.8881e+00	7.1915e-01	1.7129e-01	0.0000e+00	0.0000e+00
1.3426e+01	1.8881e+00	7.1784e-01	1.6798e-01	0.0000e+00	0.0000e+00
1.3636e+01	1.8881e+00	7.2796e-01	1.6405e-01	0.0000e+00	0.0000e+00
1.3846e+01	1.8881e+00	7.3436e-01	1.6351e-01	0.0000e+00	0.0000e+00
1.4056e+01	1.8881e+00	7.2354e-01	1.5642e-01	0.0000e+00	0.0000e+00
1.4265e+01	1.8881e+00	7.0295e-01	1.0862e-01	0.0000e+00	0.0000e+00
1.4475e+01	1.8881e+00	7.0006e-01	1.0598e-01	0.0000e+00	0.0000e+00
1.4685e+01	1.8881e+00	6.7386e-01	8.3658e-02	0.0000e+00	0.0000e+00
1.4895e+01	1.8881e+00	7.1542e-01	4.6589e-02	0.0000e+00	0.0000e+00
1.5105e+01	1.8881e+00	6.7984e-01	3.2542e-02	0.0000e+00	0.0000e+00
1.5314e+01	1.8881e+00	6.9933e-01	1.4618e-02	0.0000e+00	0.0000e+00
1.5524e+01	1.8881e+00	6.8290e-01	-2.4659e-02	0.0000e+00	0.0000e+00
1.5734e+01	1.8881e+00	6.7445e-01	-5.6495e-02	0.0000e+00	0.0000e+00
1.5944e+01	1.8881e+00	6.9829e-01	-7.9477e-02	0.0000e+00	0.0000e+00
1.6154e+01	1.8881e+00	6.9738e-01	-7.2051e-02	0.0000e+00	0.0000e+00
1.6363e+01	1.8881e+00	7.3142e-01	-7.3002e-02	0.0000e+00	0.0000e+00
1.6573e+01	1.8881e+00	7.0573e-01	-9.4993e-02	0.0000e+00	0.0000e+00
1.6783e+01	1.8881e+00	7.0497e-01	-8.5245e-02	0.0000e+00	0.0000e+00
1.6993e+01	1.8881e+00	6.8872e-01	-9.6334e-02	0.0000e+00	0.0000e+00
1.7202e+01	1.8881e+00	7.2608e-01	-1.0532e-01	0.0000e+00	0.0000e+00
1.7412e+01	1.8881e+00	6.8023e-01	-1.3027e-01	0.0000e+00	0.0000e+00
1.7622e+01	1.8881e+00	7.0840e-01	-7.8030e-02	0.0000e+00	0.0000e+00
1.7832e+01	1.8881e+00	6.9462e-01	-5.3742e-02	0.0000e+00	0.0000e+00
1.8042e+01	1.8881e+00	7.2554e-01	-3.8871e-02	0.0000e+00	0.0000e+00
1.8251e+01	1.8881e+00	7.2079e-01	-3.6564e-02	0.0000e+00	0.0000e+00
1.8461e+01	1.8881e+00	7.1714e-01	-3.6166e-02	0.0000e+00	0.0000e+00
1.8671e+01	1.8881e+00	7.0687e-01	-2.3617e-02	0.0000e+00	0.0000e+00
1.8881e+01	1.8881e+00	7.1838e-01	-1.7164e-02	0.0000e+00	0.0000e+00
1.9091e+01	1.8881e+00	7.0482e-01	-1.8809e-03	0.0000e+00	0.0000e+00
1.9300e+01	1.8881e+00	7.4095e-01	1.8350e-02	0.0000e+00	0.0000e+00
1.9510e+01	1.8881e+00	7.1060e-01	2.5321e-02	0.0000e+00	0.0000e+00
1.9720e+01	1.8881e+00	7.0809e-01	2.6605e-02	0.0000e+00	0.0000e+00
2.0979e-01	1.6783e+00	4.2454e-02	-1.9412e-01	0.0000e+00	0.0000e+00
4.1957e-01	1.6783e+00	3.2366e-02	-9.8476e-02	0.0000e+00	0.0000e+00
6.2936e-01	1.6783e+00	1.1237e-02	-1.2088e-01	0.0000e+00	0.0000e+00
8.3915e-01	1.6783e+00	2.2598e-02	-1.6287e-01	0.0000e+00	0.0000e+00
1.0489e+00	1.6783e+00	2.3508e-01	-1.1794e-01	0.0000e+00	0.0000e+00
1.2587e+00	1.6783e+00	1.8229e-01	-2.5302e-02	0.0000e+00	0.0000e+00
1.4685e+00	1.6783e+00	2.0229e-01	5.9046e-02	0.0000e+00	0.0000e+00
1.6783e+00	1.6783e+00	1.6451e-01	2.0035e-01	0.0000e+00	0.0000e+00
1.8881e+00	1.6783e+00	2.9284e-01	3.8851e-01	0.0000e+00	0.0000e+00
2.0979e+00	1.6783e+00	2.9745e-01	4.2888e-01	0.0000e+00	0.0000e+00
2.3077e+00	1.6783e+00	2.8782e-01	4.5503e-01	0.0000e+00	0.0000e+00
2.5174e+00	1.6783e+00	2.6805e-01	4.4346e-01	0.0000e+00	0.0000e+00
2.7272e+00	1.6783e+00	2.5218e-01	3.6736e-01	0.0000e+00	0.0000e+00
2.9370e+00	1.6783e+00	2.2833e-01	2.8612e-01	0.0000e+00	0.0000e+00
3.1468e+00	1.6783e+00	2.7455e-01	1.5644e-01	0.0000e+00	0.0000e+00
3.3566e+00	1.6783e+00	3.1642e-01	-1.4462e-02	0.0000e+00	0.0000e+00
3.5664e+00	1.6783e+00	4.0197e-01	-1.4529e-01	0.0000e+00	0.0000e+00
3.7762e+00	1.6783e+00	5.0303e-01	-2.6680e-01	0.0000e+00	0.0000e+00
3.9859e+00	1.6783e+00	5.8602e-01	-3.3866e-01	0.0000e+00	0.0000e+00
4.1957e+00	1.6783e+00	6.1069e-01	-3.6777e-01	0.0000e+00	0.0000e+00
4.4055e+00	1.6783e+00	6.7418e-01	-3.0812e-01	1.0000e+00	0.0000e+00
4.6153e+00	1.6783e+00	5.9794e-01	-3.3723e-01	0.0000e+00	0.0000e+00
4.8251e+00	1.6783e+00	6.8889e-01	-3.1823e-01	0.0000e+00	0.0000e+00
5.0349e+00	1.6783e+00	6.9300e-01	-2.9861e-01	0.0000e+00	0.0000e+00
5.2447e+00	1.6783e+00	7.3234e-01	-2.0329e-01	0.0000e+00	0.0000e+00
5.4545e+00	1.6783e+00	7.4760e-01	-8.4463e-02	0.0000e+00	0.0000e+00
5.6642e+00	1.6783e+00	8.4902e-01	6.0000e-02	0.0000e+00	0.0000e+00
5.8740e+00	1.6783e+00	8.7394e-01	1.9325e-01	0.0000e+00	0.0000e+00
6.0838e+00	1.6783e+00	8.8362e-01	2.7632e-01	0.0000e+00	0.0000e+00
6.2936e+00	1.6783e+00	9.1419e-01	3.2728e-01	0.0000e+00	0.0000e+00
6.5034e+00	1.6783e+00	8.8881e-01	3.5223e-01	0.0000e+00	0.0000e+00
6.7132e+00	1.6783e+00	9.0853e-01	3.7407e-01	0.0000e+00	0.0000e+00
6.9230e+00	1.6783e+00	8.5243e-01	3.2774e-01	1.0000e+00	0.0000e+00
7.1327e+00	1.6783e+00	8.0580e-01	3.1737e-01	0.0000e+00	0.0000e+00
7.3425e+00	1.6783e+00	8.0457e-01	3.2682e-01	0.0000e+00	0.0000e+00
7.5523e+00	1.6783e+00	7.6151e-01	3.3227e-01	0.0000e+00	0.0000e+00
7.7621e+00	1.6783e+00	7.1857e-01	2.8747e-01	0.0000e+00	0.0000e+00
7.9719e+00	1.6783e+00	7.1597e-01	2.6920e-01	0.0000e+00	0.0000e+00
8.1817e+00	1.6783e+00	6.9557e-01	2.0557e-01	0.0000e+00	0.0000e+00
8.3915e+00	1.6783e+00	6.9159e-01	1.2495e-01	0.0000e+00	0.0000e+00
8.6012e+00	1.6783e+00	6.6989e-01	2.1284e-02	0.0000e+00	0.0000e+00
8.8110e+00	1.6783e+00	6.8432e-01	-5.5040e-02	0.0000e+00	0.0000e+00
9.0208e+00	1.6783e+00	6.9049e-01	-1.6980e-01	0.0000e+00	0.0000e+00
9.2306e+00	1.6783e+00	7.0873e-01	-1.9725e-01	0.0000e+00	0.0000e+00
9.4404e+00	1.6783e+00	7.0659e-01	-2.5236e-01	0.0000e+00	0.0000e+00
9.6502e+00	1.6783e+00	7.0572e-01	-2.9400e-01	0.0000e+00	0.0000e+00
9.8600e+00	1.6783e+00	7.0528e-01	-2.9685e-01	0.0000e+00	0.0000e+00
1.0070e+01	1.6783e+00	7.2104e-01	-2.9313e-01	0.0000e+00	0.0000e+00
1.0280e+01	1.6783e+00	6.8967e-01	-3.3071e-01	0.0000e+00	0.0000e+00
1.0489e+01	1.6783e+00	7.1484e-01	-3.1105e-01	0.0000e+00	0.0000e+00
1.0699e+01	1.6783e+00	7.0413e-01	-2.6647e-01	0.0000e+00	0.0000e+00
1.0909e+01	1.6783e+00	6.7714e-01	-2.5303e-01	0.0000e+00	0.0000e+00
1.1119e+01	1.6783e+00	7.0645e-01	-2.0772e-01	0.0000e+00	0.0000e+00
1.1328e+01	1.6783e+00	6.7566e-01	-1.8132e-01	0.0000e+00	0.0000e+00
1.1538e+01	1.6783e+00	6.9722e-01	-1.4791e-01	0.0000e+00	0.0000e+00
1.1748e+01	1.6783e+00	7.2863e-01	-4.3270e-02	0.0000e+00	0.0000e+00
1.1958e+01	1.6783e+00	7.1033e-01	2.9932e-03	0.0000e+00	0.0000e+00
1.2168e+01	1.6783e+00	7.3029e-01	6.7534e-02	0.0000e+00	0.0000e+00
1.2377e+01	1.6783e+00	7.0898e-01	8.9989e-02	0.0000e+00	0.0000e+00
1.2587e+01	1.6783e+00	7.2958e-01	1.2864e-01	0.0000e+00	0.0000e+00
1.2797e+01	1.6783e+00	7.2503e-01	1.5808e-01	0.0000e+00	0.0000e+00
1.3007e+01	1.6783e+00	7.2123e-01	1.7484e-01	0.0000e+00	0.0000e+00
1.3217e+01	1.6783e+00	7.4952e-01	1.7056e-01	0.0000e+00	0.0000e+00
1.3426e+01	1.6783e+00	7.5430e-01	1.7195e-01	0.0000e+00	0.0000e+00
1.3636e+01	1.6783e+00	7.7677e-01	1.3480e-01	0.0000e+00	0.0000e+00
1.3846e+01	1.6783e+00	7.4253e-01	1.3743e-01	1.0000e+00	0.0000e+00
1.4056e+01	1.6783e+00	7.4083e-01	1.4455e-01	0.0000e+00	0.0000e+00
1.4265e+01	1.6783e+00	7.0702e-01	8.5193e-02	0.0000e+00	0.0000e+00
1.4475e+01	1.6783e+00	7.0209e-01	1.0820e-01	0.0000e+00	0.0000e+00
1.4685e+01	1.6783e+00	7.0324e-01	7.1138e-02	0.0000e+00	0.0000e+00
1.4895e+01	1.6783e+00	7.1214e-01	5.4441e-02	0.0000e+00	0.0000e+00
1.5105e+01	1.6783e+00	6.9725e-01	4.0695e-02	0.0000e+00	0.0000e+00
1.5314e+01	1.6783e+00	6.8313e-01	5.2032e-03	0.0000e+00	0.0000e+00
1.5524e+01	1.6783e+00	6.9954e-01	-3.6674e-03	0.0000e+00	0.0000e+00
1.5734e+01	1.6783e+00	6.8229e-01	-4.2388e-02	0.0000e+00	0.0000e+00
1.5944e+01	1.6783e+00	6.9179e-01	-4.1211e-02	0.0000e+00	0.0000e+00
1.6154e+01	1.6783e+00	6.9537e-01	-4.2606e-02	0.0000e+00	0.0000e+00
1.6363e+01	1.6783e+00	7.0665e-01	-6.8776e-02	0.0000e+00	0.0000e+00
1.6573e+01	1.6783e+00	6.9982e-01	-9.0925e-02	0.0000e+00	0.0000e+00
1.6783e+01	1.6783e+00	6.8476e-01	-9.5222e-02	0.0000e+00	0.0000e+00
1.6993e+01	1.6783e+00	7.1341e-01	-8.3988e-02	0.0000e+00	0.0000e+00
1.7202e+01	1.6783e+00	7.0618e-01	-7.2276e-02	0.0000e+00	0.0000e+00
1.7412e+01	1.6783e+00	7.0311e-01	-9.7588e-02	0.0000e+00	0.0000e+00
1.7622e+01	1.6783e+00	7.1350e-01	-6.0782e-02	0.0000e+00	0.0000e+00
1.7832e+01	1.6783e+00	7.1598e-01	-6.3989e-02	0.0000e+00	0.0000e+00
1.8042e+01	1.6783e+00	7.1577e-01	-5.5239e-02	0.0000e+00	0.0000e+00
1.8251e+01	1.6783e+00	7.4055e-01	-2.0334e-02	0.0000e+00	0.0000e+00
1.8461e+01	1.6783e+00	7.1899e-01	-4.1390e-02	0.0000e+00	0.0000e+00
1.8671e+01	1.6783e+00	7.3683e-01	-1.2902e-02	0.0000e+00	0.0000e+00
1.8881e+01	1.6783e+00	7.1992e-01	-3.6631e-02	0.0000e+00	0.0000e+00
1.9091e+01	1.6783e+00	7.4052e-01	-2.8088e-02	0.0000e+00	0.0000e+00
1.9300e+01	1.6783e+00	7.3771e-01	1.4927e-02	0.0000e+00	0.0000e+00
1.9510e+01	1.6783e+00	7.5098e-01	2.0385e-02	0.0000e+00	0.0000e+00
1.9720e+01	1.6783e+00	7.6208e-01	2.8558e-02	0.0000e+00	0.0000e+00
2.0979e-01	1.4685e+00	2.6246e-01	3.8378e-02	0.0000e+00	0.0000e+00
4.1957e-01	1.4685e+00	1.3107e-01	-4.9244e-02	0.0000e+00	0.0000e+00
6.2936e-01	1.4685e+00	1.0653e-01	-6.6426e-02	0.0000e+00	0.0000e+00
8.3915e-01	1.4685e+00	3.9733e-01	-5.6335e-02	0.0000e+00	0.0000e+00
1.0489e+00	1.4685e+00	3.4838e-01	-6.3666e-02	0.0000e+00	0.0000e+00
1.2587e+00	1.4685e+00	4.9638e-01	2.2821e-02	0.0000e+00	0.0000e+00
1.4685e+00	1.4685e+00	5.5416e-01	1.0385e-01	0.0000e+00	0.0000e+00
1.6783e+00	1.4685e+00	6.1485e-01	3.0215e-01	0.0000e+00	0.0000e+00
1.8881e+00	1.4685e+00	6.3897e-01	3.4388e-01	0.0000e+00	0.0000e+00
2.0979e+00	1.4685e+00	6.2419e-01	4.0672e-01	0.0000e+00	0.0000e+00
2.3077e+00	1.4685e+00	6.3207e-01	3.9316e-01	0.0000e+00	0.0000e+00
2.5174e+00	1.4685e+00	5.2826e-01	3.6436e-01	0.0000e+00	0.0000e+00
2.7272e+00	1.4685e+00	4.2919e-01	3.1358e-01	0.0000e+00	0.0000e+00
2.9370e+00	1.4685e+00	3.6204e-01	2.6865e-01	0.0000e+00	0.0000e+00
3.1468e+00	1.4685e+00	3.4103e-01	1.6737e-01	0.0000e+00	0.0000e+00
3.3566e+00	1.4685e+00	3.2303e-01	5.3364e-02	0.0000e+00	0.0000e+00
3.5664e+00	1.4685e+00	3.4136e-01	-9.5174e-02	0.0000e+00	0.0000e+00
3.7762e+00	1.4685e+00	4.4691e-01	-1.9099e-01	0.0000e+00	0.0000e+00
3.9859e+00	1.4685e+00	5.0914e-01	-2.9837e-01	0.0000e+00	0.0000e+00
4.1957e+00	1.4685e+00	5.5567e-01	-3.1117e-01	0.0000e+00	0.0000e+00
4.4055e+00	1.4685e+00	6.3017e-01	-3.5088e-01	0.0000e+00	0.0000e+00
4.6153e+00	1.4685e+00	5.8024e-01	-3.6163e-01	0.0000e+00	0.0000e+00
4.8251e+00	1.4685e+00	6.9853e-01	-3.1658e-01	0.0000e+00	0.0000e+00
5.0349e+00	1.4685e+00	7.2685e-01	-2.6217e-01	0.0000e+00	0.0000e+00
5.2447e+00	1.4685e+00	8.0324e-01	-1.6245e-01	0.0000e+00	0.0000e+00
5.4545e+00	1.4685e+00	8.7636e-01	-3.2791e-02	0.0000e+00	0.0000e+00
5.6642e+00	1.4685e+00	9.4701e-01	1.2002e-01	0.0000e+00	0.0000e+00
5.8740e+00	1.4685e+00	9.4321e-01	2.0009e-01	0.0000e+00	0.0000e+00
6.0838e+00	1.4685e+00	9.6028e-01	2.6132e-01	0.0000e+00	0.0000e+00
6.2936e+00	1.4685e+00	9.5539e-01	3.2275e-01	0.0000e+00	0.0000e+00
6.5034e+00	1.4685e+00	8.6522e-01	3.6532e-01	0.0000e+00	0.0000e+00
6.7132e+00	1.4685e+00	8.9786e-01	3.2742e-01	0.0000e+00	0.0000e+00
6.9230e+00	1.4685e+00	8.9193e-01	3.2032e-01	0.0000e+00	0.0000e+00
7.1327e+00	1.4685e+00	8.3216e-01	3.0864e-01	0.0000e+00	0.0000e+00
7.3425e+00	1.4685e+00	8.3103e-01	3.1750e-01	0.0000e+00	0.0000e+00
7.5523e+00	1.4685e+00	7.4495e-01	2.8235e-01	0.0000e+00	0.0000e+00
7.7621e+00	1.4685e+00	7.0088e-01	2.3368e-01	0.0000e+00	0.0000e+00
7.9719e+00	1.4685e+00	7.1570e-01	2.6461e-01	0.0000e+00	0.0000e+00
8.1817e+00	1.4685e+00	6.8056e-01	2.0765e-01	0.0000e+00	0.0000e+00
8.3915e+00	1.4685e+00	6.7729e-01	1.1344e-01	0.0000e+00	0.0000e+00
8.6012e+00	1.4685e+00	6.5779e-01	1.7071e-02	0.0000e+00	0.0000e+00
8.8110e+00	1.4685e+00	6.4986e-01	-6.6383e-02	0.0000e+00	0.0000e+00
9.0208e+00	1.4685e+00	6.5099e-01	-1.4044e-01	0.0000e+00	0.0000e+00
9.2306e+00	1.4685e+00	6.7055e-01	-2.0234e-01	0.0000e+00	0.0000e+00
9.4404e+00	1.4685e+00	6.8839e-01	-2.6946e-01	0.0000e+00	0.0000e+00
9.6502e+00	1.4685e+00	7.0581e-01	-2.9249e-01	0.0000e+00	0.0000e+00
9.8600e+00	1.4685e+00	7.1747e-01	-2.8220e-01	1.0000e+00	0.0000e+00
1.0070e+01	1.4685e+00	6.7384e-01	-3.4089e-01	0.0000e+00	0.0000e+00
1.0280e+01	1.4685e+00	7.1596e-01	-3.2239e-01	0.0000e+00	0.0000e+00
1.0489e+01	1.4685e+00	7.1186e-01	-3.2034e-01	0.0000e+00	0.0000e+00
1.0699e+01	1.4685e+00	7.1903e-01	-2.8321e-01	0.0000e+00	0.0000e+00
1.0909e+01	1.4685e+00	7.3157e-01	-2.3121e-01	1.0000e+00	0.0000e+00
1.1119e+01	1.4685e+00	7.1613e-01	-2.2474e-01	0.0000e+00	0.0000e+00
1.1328e+01	1.4685e+00	7.1837e-01	-1.9371e-01	0.0000e+00	0.0000e+00
1.1538e+01	1.4685e+00	7.4668e-01	-1.2928e-01	0.0000e+00	0.0000e+00
1.1748e+01	1.4685e+00	7.2700e-01	-6.8148e-02	0.0000e+00	0.0000e+00
1.1958e+01	1.4685e+00	7.2992e-01	2.7154e-02	0.0000e+00	0.0000e+00
1.2168e+01	1.4685e+00	7.2034e-01	6.8930e-02	0.0000e+00	0.0000e+00
1.2377e+01	1.4685e+00	7.8255e-01	1.0966e-01	0.0000e+00	0.0000e+00
1.2587e+01	1.4685e+00	7.5916e-01	1.1950e-01	0.0000e+00	0.0000e+00
1.2797e+01	1.4685e+00	7.6211e-01	1.4321e-01	0.0000e+00	0.0000e+00
1.3007e+01	1.4685e+00	7.6965e-01	1.5559e-01	0.0000e+00	0.0000e+00
1.3217e+01	1.4685e+00	7.3315e-01	1.7783e-01	0.0000e+00	0.0000e+00
1.3426e+01	1.4685e+00	7.7626e-01	1.6124e-01	0.0000e+00	0.0000e+00
1.3636e+01	1.4685e+00	7.7640e-01	1.3188e-01	0.0000e+00	0.0000e+00
1.3846e+01	1.4685e+00	7.3109e-01	1.5645e-01	0.0000e+00	0.0000e+00
1.4056e+01	1.4685e+00	7.4151e-01	1.4910e-01	0.0000e+00	0.0000e+00
1.4265e+01	1.4685e+00	7.3983e-01	1.2156e-01	0.0000e+00	0.0000e+00
1.4475e+01	1.4685e+00	7.4476e-01	8.4428e-02	1.0000e+00	0.0000e+00
1.4685e+01	1.4685e+00	7.2769e-01	5.8290e-02	0.0000e+00	0.0000e+00
1.4895e+01	1.4685e+00	7.3141e-01	4.3952e-02	1.0000e+00	0.0000e+00
1.5105e+01	1.4685e+00	7.0961e-01	2.7118e-03	0.0000e+00	0.0000e+00
1.5314e+01	1.4685e+00	7.0900e-01	1.8378e-02	0.0000e+00	0.0000e+00
1.5524e+01	1.4685e+00	6.9658e-01	-1.5629e-03	0.0000e+00	0.0000e+00
1.5734e+01	1.4685e+00	6.9466e-01	-3.5509e-02	0.0000e+00	0.0000e+00
1.5944e+01	1.4685e+00	7.1586e-01	-5.3329e-02	0.0000e+00	0.0000e+00
1.6154e+01	1.4685e+00	7.3921e-01	-7.1176e-02	0.0000e+00	0.0000e+00
1.6363e+01	1.4685e+00	7.0359e-01	-8.1420e-02	0.0000e+00	0.0000e+00
1.6573e+01	1.4685e+00	7.2479e-01	-9.5994e-02	0.0000e+00	0.0000e+00
1.6783e+01	1.4685e+00	7.0457e-01	-9.9180e-02	0.0000e+00	0.0000e+00
1.6993e+01	1.4685e+00	7.2654e-01	-8.5086e-02	0.0000e+00	0.0000e+00
1.7202e+01	1.4685e+00	7.2427e-01	-5.4320e-02	0.0000e+00	0.0000e+00
1.7412e+01	1.4685e+00	7.1653e-01	-7.9482e-02	0.0000e+00	0.0000e+00
1.7622e+01	1.4685e+00	7.4365e-01	-6.0894e-02	0.0000e+00	0.0000e+00
1.7832e+01	1.4685e+00	7.3741e-01	-8.0627e-02	0.0000e+00	0.0000e+00
1.8042e+01	1.4685e+00	7.3211e-01	-4.5360e-02	0.0000e+00	0.0000e+00
1.8251e+01	1.4685e+00	7.5894e-01	-3.1443e-02	0.0000e+00	0.0000e+00
1.8461e+01	1.4685e+00	7.4433e-01	-9.5573e-03	0.0000e+00	0.0000e+00
1.8671e+01	1.4685e+00	7.7405e-01	-4.8842e-02	0.0000e+00	0.0000e+00
1.8881e+01	1.4685e+00	7.3352e-01	1.5880e-02	0.0000e+00	0.0000e+00
1.9091e+01	1.4685e+00	7.5682e-01	4.2894e-02	0.0000e+00	0.0000e+00
1.9300e+01	1.4685e+00	7.6236e-01	-1.0307e-04	0.0000e+00	0.0000e+00
1.9510e+01	1.4685e+00	7.6248e-01	1.7844e-04	0.0000e+00	0.0000e+00
1.9720e+01	1.4685e+00	7.4304e-01	4.4203e-02	0.0000e+00	0.0000e+00
2.0979e-01	1.2587e+00	1.2544e+00	-2.4142e-01	0.0000e+00	0.0000e+00
4.1957e-01	1.2587e+00	5.4801e-01	-7.9067e-03	0.0000e+00	0.0000e+00
6.2936e-01	1.2587e+00	5.5286e-01	5.9034e-03	0.0000e+00	0.0000e+00
8.3915e-01	1.2587e+00	8.3225e-01	-3.9015e-02	0.0000e+00	0.0000e+00
1.0489e+00	1.2587e+00	9.8542e-01	1.8432e-02	0.0000e+00	0.0000e+00
1.2587e+00	1.2587e+00	8.0739e-01	8.8033e-02	0.0000e+00	0.0000e+00
1.4685e+00	1.2587e+00	7.2126e-01	1.2488e-01	1.0000e+00	0.0000e+00
1.6783e+00	1.2587e+00	1.0426e+00	2.3217e-01	0.0000e+00	0.0000e+00
1.8881e+00	1.2587e+00	9.6903e-01	3.1215e-01	0.0000e+00	0.0000e+00
2.0979e+00	1.2587e+00	8.7043e-01	3.7067e-01	0.0000e+00	0.0000e+00
2.3077e+00	1.2587e+00	7.9792e-01	3.6637e-01	0.0000e+00	0.0000e+00
2.5174e+00	1.2587e+00	7.1915e-01	3.2675e-01	0.0000e+00	0.0000e+00
2.7272e+00	1.2587e+00	6.1624e-01	2.8439e-01	0.0000e+00	0.0000e+00
2.9370e+00	1.2587e+00	5.1994e-01	1.8604e-01	0.0000e+00	0.0000e+00
3.1468e+00	1.2587e+00	4.4847e-01	1.5616e-01	0.0000e+00	0.0000e+00
3.3566e+00	1.2587e+00	4.3891e-01	1.0242e-01	0.0000e+00	0.0000e+00
3.5664e+00	1.2587e+00	4.2419e-01	-4.9082e-02	0.0000e+00	0.0000e+00
3.7762e+00	1.2587e+00	4.7262e-01	-1.4114e-01	0.0000e+00	0.0000e+00
3.9859e+00	1.2587e+00	4.8280e-01	-2.3794e-01	0.0000e+00	0.0000e+00
4.1957e+00	1.2587e+00	5.7741e-01	-2.8419e-01	0.0000e+00	0.0000e+00
4.4055e+00	1.2587e+00	6.4620e-01	-3.1367e-01	0.0000e+00	0.0000e+00
4.6153e+00	1.2587e+00	6.6946e-01	-3.0099e-01	0.0000e+00	0.0000e+00
4.8251e+00	1.2587e+00	7.5597e-01	-2.7072e-01	0.0000e+00	0.0000e+00
5.0349e+00	1.2587e+00	7.9461e-01	-1.9426e-01	0.0000e+00	0.0000e+00
5.2447e+00	1.2587e+00	9.0749e-01	-1.0126e-01	0.0000e+00	0.0000e+00
5.4545e+00	1.2587e+00	1.0257e+00	2.5395e-02	0.0000e+00	0.0000e+00
5.6642e+00	1.2587e+00	1.0462e+00	1.3963e-01	0.0000e+00	0.0000e+00
5.8740e+00	1.2587e+00	1.0203e+00	2.3199e-01	0.0000e+00	0.0000e+00
6.0838e+00	1.2587e+00	1.0243e+00	2.7300e-01	0.0000e+00	0.0000e+00
6.2936e+00	1.2587e+00	1.0148e+00	2.9678e-01	0.0000e+00	0.0000e+00
6.5034e+00	1.2587e+00	9.7506e-01	3.0445e-01	0.0000e+00	0.0000e+00
6.7132e+00	1.2587e+00	9.3986e-01	3.1345e-01	0.0000e+00	0.0000e+00
6.9230e+00	1.2587e+00	9.1526e-01	2.6879e-01	0.0000e+00	0.0000e+00
7.1327e+00	1.2587e+00	8.5727e-01	2.8465e-01	0.0000e+00	0.0000e+00
7.3425e+00	1.2587e+00	8.1301e-01	2.8970e-01	0.0000e+00	0.0000e+00
7.5523e+00	1.2587e+00	7.6993e-01	2.8652e-01	0.0000e+00	0.0000e+00
7.7621e+00	1.2587e+00	7.4615e-01	2.5030e-01	0.0000e+00	0.0000e+00
7.9719e+00	1.2587e+00	7.2594e-01	1.9041e-01	0.0000e+00	0.0000e+00
8.1817e+00	1.2587e+00	6.6542e-01	1.3961e-01	0.0000e+00	0.0000e+00
8.3915e+00	1.2587e+00	6.5566e-01	9.2047e-02	0.0000e+00	0.0000e+00
8.6012e+00	1.2587e+00	6.6999e-01	3.8595e-03	0.0000e+00	0.0000e+00
8.8110e+00	1.2587e+00	6.2888e-01	-4.7124e-02	0.0000e+00	0.0000e+00
9.0208e+00	1.2587e+00	6.3888e-01	-1.2631e-01	0.0000e+00	0.0000e+00
9.2306e+00	1.2587e+00	6.7672e-01	-2.1446e-01	0.0000e+00	0.0000e+00
9.4404e+00	1.2587e+00	6.8955e-01	-2.4666e-01	0.0000e+00	0.0000e+00
9.6502e+00	1.2587e+00	6.7245e-01	-2.8178e-01	0.0000e+00	0.0000e+00
9.8600e+00	1.2587e+00	6.7621e-01	-2.9939e-01	0.0000e+00	0.0000e+00
1.0070e+01	1.2587e+00	6.8279e-01	-3.0381e-01	0.0000e+00	0.0000e+00
1.0280e+01	1.2587e+00	7.3686e-01	-3.0897e-01	0.0000e+00	0.0000e+00
1.0489e+01	1.2587e+00	7.5122e-01	-3.1627e-01	0.0000e+00	0.0000e+00
1.0699e+01	1.2587e+00	7.3198e-01	-2.8213e-01	0.0000e+00	0.0000e+00
1.0909e+01	1.2587e+00	7.3534e-01	-2.7656e-01	0.0000e+00	0.0000e+00
1.1119e+01	1.2587e+00	7.3934e-01	-2.2376e-01	0.0000e+00	0.0000e+00
1.1328e+01	1.2587e+00	7.7964e-01	-1.6931e-01	0.0000e+00	0.0000e+00
1.1538e+01	1.2587e+00	8.1635e-01	-9.4867e-02	0.0000e+00	0.0000e+00
1.1748e+01	1.2587e+00	7.5320e-01	-5.5547e-02	0.0000e+00	0.0000e+00
1.1958e+01	1.2587e+00	7.3878e-01	7.0268e-02	0.0000e+00	0.0000e+00
1.2168e+01	1.2587e+00	7.4966e-01	8.1605e-02	0.0000e+00	0.0000e+00
1.2377e+01	1.2587e+00	7.8041e-01	1.1670e-01	0.0000e+00	0.0000e+00
1.2587e+01	1.2587e+00	8.0355e-01	1.4706e-01	0.0000e+00	0.0000e+00
1.2797e+01	1.2587e+00	7.5912e-01	1.6764e-01	0.0000e+00	0.0000e+00
1.3007e+01	1.2587e+00	7.9454e-01	1.6499e-01	0.0000e+00	0.0000e+00
1.3217e+01	1.2587e+00	8.0437e-01	1.3502e-01	0.0000e+00	0.0000e+00
1.3426e+01	1.2587e+00	7.7851e-01	1.6436e-01	0.0000e+00	0.0000e+00
1.3636e+01	1.2587e+00	7.7733e-01	1.5554e-01	0.0000e+00	0.0000e+00
1.3846e+01	1.2587e+00	7.7138e-01	1.4487e-01	0.0000e+00	0.0000e+00
1.4056e+01	1.2587e+00	7.8100e-01	1.2087e-01	0.0000e+00	0.0000e+00
1.4265e+01	1.2587e+00	7.7858e-01	9.5824e-02	0.0000e+00	0.0000e+00
1.4475e+01	1.2587e+00	7.3001e-01	1.0167e-01	0.0000e+00	0.0000e+00
1.4685e+01	1.2587e+00	7.5065e-01	6.8203e-02	0.0000e+00	0.0000e+00
1.4895e+01	1.2587e+00	7.2801e-01	6.5073e-02	0.0000e+00	0.0000e+00
1.5105e+01	1.2587e+00	7.3442e-01	2.3340e-03	0.0000e+00	0.0000e+00
1.5314e+01	1.2587e+00	7.0838e-01	-4.8009e-03	0.0000e+00	0.0000e+00
1.5524e+01	1.2587e+00	6.9668e-01	-1.4905e-02	0.0000e+00	0.0000e+00
1.5734e+01	1.2587e+00	7.3121e-01	-1.3026e-02	0.0000e+00	0.0000e+00
1.5944e+01	1.2587e+00	6.9506e-01	-5.5624e-02	0.0000e+00	0.0000e+00
1.6154e+01	1.2587e+00	7.4464e-01	-5.6566e-02	0.0000e+00	0.0000e+00
1.6363e+01	1.2587e+00	7.2911e-01	-1.2376e-01	0.0000e+00	0.0000e+00
1.6573e+01	1.2587e+00	7.0863e-01	-8.1448e-02	0.0000e+00	0.0000e+00
1.6783e+01	1.2587e+00	7.2928e-01	-6.6704e-02	0.0000e+00	0.0000e+00
1.6993e+01	1.2587e+00	7.5199e-01	-9.6949e-02	0.0000e+00	0.0000e+00
1.7202e+01	1.2587e+00	7.3900e-01	-1.0766e-01	0.0000e+00	0.0000e+00
1.7412e+01	1.2587e+00	7.3612e-01	-6.5457e-02	0.0000e+00	0.0000e+00
1.7622e+01	1.2587e+00	7.2431e-01	-1.3150e-02	0.0000e+00	0.0000e+00
1.7832e+01	1.2587e+00	7.6758e-01	-5.2965e-02	0.0000e+00	0.0000e+00
1.8042e+01	1.2587e+00	8.0157e-01	-4.6073e-02	0.0000e+00	0.0000e+00
1.8251e+01	1.2587e+00	7.7484e-01	-1.3863e-02	0.0000e+00	0.0000e+00
1.8461e+01	1.2587e+00	7.6913e-01	1.0132e-02	0.0000e+00	0.0000e+00
1.8671e+01	1.2587e+00	8.0036e-01	-1.1726e-02	0.0000e+00	0.0000e+00
1.8881e+01	1.2587e+00	7.6492e-01	7.8902e-03	0.0000e+00	0.0000e+00
1.9091e+01	1.2587e+00	8.0727e-01	8.9589e-03	0.0000e+00	0.0000e+00
1.9300e+01	1.2587e+00	7.9349e-01	-2.1555e-02	0.0000e+00	0.0000e+00
1.9510e+01	1.2587e+00	7.6228e-01	1.6033e-02	0.0000e+00	0.0000e+00
1.9720e+01	1.2587e+00	7.6812e-01	2.0275e-02	0.0000e+00	0.0000e+00
2.0979e-01	1.0489e+00	1.2767e+00	-2.3186e-01	0.0000e+00	0.0000e+00
4.1957e-01	1.0489e+00	1.2849e+00	-1.4085e-01	0.0000e+00	0.0000e+00
6.2936e-01	1.0489e+00	1.2465e+00	-8.3642e-02	0.0000e+00	0.0000e+00
8.3915e-01	1.0489e+00	1.2081e+00	5.7860e-03	0.0000e+00	0.0000e+00
1.0489e+00	1.0489e+00	1.1841e+00	2.4968e-02	0.0000e+00	0.0000e+00
1.2587e+00	1.0489e+00	1.2016e+00	1.0571e-01	0.0000e+00	0.0000e+00
1.4685e+00	1.0489e+00	1.2341e+00	1.6269e-01	0.0000e+00	0.0000e+00
1.6783e+00	1.0489e+00	1.1399e+00	2.6289e-01	0.0000e+00	0.0000e+00
1.8881e+00	1.0489e+00	1.0695e+00	2.7083e-01	0.0000e+00	0.0000e+00
2.0979e+00	1.0489e+00	1.0365e+00	3.0495e-01	0.0000e+00	0.0000e+00
2.3077e+00	1.0489e+00	9.1618e-01	2.8182e-01	0.0000e+00	0.0000e+00
2.5174e+00	1.0489e+00	8.5492e-01	2.5047e-01	0.0000e+00	0.0000e+00
2.7272e+00	1.0489e+00	8.2243e-01	1.6810e-01	0.0000e+00	0.0000e+00
2.9370e+00	1.0489e+00	7.4200e-01	1.3155e-01	0.0000e+00	0.0000e+00
3.1468e+00	1.0489e+00	6.7585e-01	6.2407e-02	0.0000e+00	0.0000e+00
3.3566e+00	1.0489e+00	6.3783e-01	1.7773e-02	0.0000e+00	0.0000e+00
3.5664e+00	1.0489e+00	5.6610e-01	-7.2531e-02	0.0000e+00	0.0000e+00
3.7762e+00	1.0489e+00	5.9839e-01	-1.2087e-01	0.0000e+00	0.0000e+00
3.9859e+00	1.0489e+00	6.2199e-01	-2.0424e-01	0.0000e+00	0.0000e+00
4.1957e+00	1.0489e+00	6.7640e-01	-2.3368e-01	0.0000e+00	0.0000e+00
4.4055e+00	1.0489e+00	7.2095e-01	-2.6023e-01	0.0000e+00	0.0000e+00
4.6153e+00	1.0489e+00	7.9404e-01	-2.5490e-01	0.0000e+00	0.0000e+00
4.8251e+00	1.0489e+00	8.5201e-01	-1.7317e-01	0.0000e+00	0.0000e+00
5.0349e+00	1.0489e+00	8.8713e-01	-1.1421e-01	0.0000e+00	0.0000e+00
5.2447e+00	1.0489e+00	1.0283e+00	-4.1874e-02	0.0000e+00	0.0000e+00
5.4545e+00	1.0489e+00	1.0491e+00	1.6490e-02	0.0000e+00	0.0000e+00
5.6642e+00	1.0489e+00	1.1081e+00	1.1589e-01	0.0000e+00	0.0000e+00
5.8740e+00	1.0489e+00	1.1075e+00	2.1341e-01	0.0000e+00	0.0000e+00
6.0838e+00	1.0489e+00	1.0843e+00	2.5151e-01	0.0000e+00	0.0000e+00
6.2936e+00	1.0489e+00	1.0213e+00	3.0302e-01	0.0000e+00	0.0000e+00
6.5034e+00	1.0489e+00	1.0065e+00	2.7937e-01	0.0000e+00	0.0000e+00
6.7132e+00	1.0489e+00	9.2457e-01	2.8199e-01	0.0000e+00	0.0000e+00
6.9230e+00	1.0489e+00	9.3284e-01	2.7653e-01	0.0000e+00	0.0000e+00
7.1327e+00	1.0489e+00	8.5619e-01	2.5420e-01	0.0000e+00	0.0000e+00
7.3425e+00	1.0489e+00	8.1281e-01	2.5327e-01	0.0000e+00	0.0000e+00
7.5523e+00	1.0489e+00	7.8972e-01	2.0386e-01	0.0000e+00	0.0000e+00
7.7621e+00	1.0489e+00	7.4866e-01	2.0262e-01	0.0000e+00	0.0000e+00
7.9719e+00	1.0489e+00	7.4004e-01	1.9023e-01	0.0000e+00	0.0000e+00
8.1817e+00	1.0489e+00	6.8897e-01	1.4127e-01	0.0000e+00	0.0000e+00
8.3915e+00	1.0489e+00	6.6003e-01	1.0860e-01	0.0000e+00	0.0000e+00
8.6012e+00	1.0489e+00	6.7488e-01	2.0078e-02	0.0000e+00	0.0000e+00
8.8110e+00	1.0489e+00	6.8032e-01	-3.5523e-02	0.0000e+00	0.0000e+00
9.0208e+00	1.0489e+00	6.4613e-01	-1.2919e-01	0.0000e+00	0.0000e+00
9.2306e+00	1.0489e+00	6.6934e-01	-1.9798e-01	0.0000e+00	0.0000e+00
9.4404e+00	1.0489e+00	6.7902e-01	-2.2875e-01	0.0000e+00	0.0000e+00
9.6502e+00	1.0489e+00	7.0288e-01	-2.6938e-01	0.0000e+00	0.0000e+00
9.8600e+00	1.0489e+00	6.9645e-01	-2.9236e-01	0.0000e+00	0.0000e+00
1.0070e+01	1.0489e+00	7.7433e-01	-3.1431e-01	0.0000e+00	0.0000e+00
1.0280e+01	1.0489e+00	7.3573e-01	-3.2271e-01	0.0000e+00	0.0000e+00
1.0489e+01	1.0489e+00	7.4347e-01	-2.9871e-01	0.0000e+00	0.0000e+00
1.0699e+01	1.0489e+00	7.2376e-01	-2.6304e-01	0.0000e+00	0.0000e+00
1.0909e+01	1.0489e+00	7.7120e-01	-2.6343e-01	0.0000e+00	0.0000e+00
1.1119e+01	1.0489e+00	7.6564e-01	-1.7394e-01	0.0000e+00	0.0000e+00
1.1328e+01	1.0489e+00	7.9654e-01	-1.5537e-01	0.0000e+00	0.0000e+00
1.1538e+01	1.0489e+00	7.9462e-01	-1.6306e-02	0.0000e+00	0.0000e+00
1.1748e+01	1.0489e+00	7.6843e-01	5.1013e-03	0.0000e+00	0.0000e+00
1.1958e+01	1.0489e+00	7.8008e-01	-2.4562e-02	0.0000e+00	0.0000e+00
1.2168e+01	1.0489e+00	7.9777e-01	4.1341e-02	0.0000e+00	0.0000e+00
1.2377e+01	1.0489e+00	8.0666e-01	1.2310e-01	0.0000e+00	0.0000e+00
1.2587e+01	1.0489e+00	8.3325e-01	1.3556e-01	0.0000e+00	0.0000e+00
1.2797e+01	1.0489e+00	8.0325e-01	1.3216e-01	0.0000e+00	0.0000e+00
1.3007e+01	1.0489e+00	8.2439e-01	1.6124e-01	0.0000e+00	0.0000e+00
1.3217e+01	1.0489e+00	8.3251e-01	1.6119e-01	0.0000e+00	0.0000e+00
1.3426e+01	1.0489e+00	8.0946e-01	1.2989e-01	0.0000e+00	0.0000e+00
1.3636e+01	1.0489e+00	8.2022e-01	1.1637e-01	0.0000e+00	0.0000e+00
1.3846e+01	1.0489e+00	8.1385e-01	1.1103e-01	0.0000e+00	0.0000e+00
1.4056e+01	1.0489e+00	8.1375e-01	6.9661e-02	0.0000e+00	0.0000e+00
1.4265e+01	1.0489e+00	7.7731e-01	9.7619e-02	0.0000e+00	0.0000e+00
1.4475e+01	1.0489e+00	8.0431e-01	6.7303e-02	0.0000e+00	0.0000e+00
1.4685e+01	1.0489e+00	7.7476e-01	4.8917e-02	0.0000e+00	0.0000e+00
1.4895e+01	1.0489e+00	7.7409e-01	5.4191e-03	0.0000e+00	0.0000e+00
1.5105e+01	1.0489e+00	7.5958e-01	4.2383e-02	0.0000e+00	0.0000e+00
1.5314e+01	1.0489e+00	7.4236e-01	-1.5354e-04	0.0000e+00	0.0000e+00
1.5524e+01	1.0489e+00	7.3256e-01	-2.0362e-03	0.0000e+00	0.0000e+00
1.5734e+01	1.0489e+00	7.3896e-01	-1.3931e-02	0.0000e+00	0.0000e+00
1.5944e+01	1.0489e+00	7.1623e-01	-5.7007e-02	0.0000e+00	0.0000e+00
1.6154e+01	1.0489e+00	7.3935e-01	-5.8949e-02	0.0000e+00	0.0000e+00
1.6363e+01	1.0489e+00	7.3907e-01	-9.8702e-02	0.0000e+00	0.0000e+00
1.6573e+01	1.0489e+00	7.2577e-01	-7.8767e-02	0.0000e+00	0.0000e+00
1.6783e+01	1.0489e+00	7.7666e-01	-6.6851e-02	0.0000e+00	0.0000e+00
1.6993e+01	1.0489e+00	7.5882e-01	-7.7100e-02	0.0000e+00	0.0000e+00
1.7202e+01	1.0489e+00	7.6101e-01	-9.7477e-02	0.0000e+00	0.0000e+00
1.7412e+01	1.0489e+00	7.7882e-01	-7.8105e-02	0.0000e+00	0.0000e+00
1.7622e+01	1.0489e+00	7.9343e-01	-4.7722e-02	1.0000e+00	0.0000e+00
1.7832e+01	1.0489e+00	8.0368e-01	-1.7813e-02	0.0000e+00	0.0000e+00
1.8042e+01	1.0489e+00	7.9558e-01	-2.4506e-02	0.0000e+00	0.0000e+00
1.8251e+01	1.0489e+00	8.1459e-01	5.4098e-03	0.0000e+00	0.0000e+00
1.8461e+01	1.0489e+00	7.9902e-01	-5.7980e-03	0.0000e+00	0.0000e+00
1.8671e+01	1.0489e+00	8.2943e-01	3.1624e-03	0.0000e+00	0.0000e+00
1.8881e+01	1.0489e+00	8.2107e-01	5.6236e-03	1.0000e+00	0.0000e+00
1.9091e+01	1.0489e+00	8.5890e-01	1.2771e-02	0.0000e+00	0.0000e+00
1.9300e+01	1.0489e+00	8.3006e-01	3.5805e-02	0.0000e+00	0.0000e+00
1.9510e+01	1.0489e+00	7.8843e-01	2.6952e-02	0.0000e+00	0.0000e+00
1.9720e+01	1.0489e+00	8.2912e-01	3.2312e-02	0.0000e+00	0.0000e+00
2.0979e-01	8.3915e-01	1.2685e+00	-1.7082e-01	0.0000e+00	0.0000e+00
4.1957e-01	8.3915e-01	1.2578e+00	-1.5037e-01	0.0000e+00	0.0000e+00
6.2936e-01	8.3915e-01	1.2701e+00	-8.0088e-02	0.0000e+00	0.0000e+00
8.3915e-01	8.3915e-01	1.2520e+00	6.8884e-03	0.0000e+00	0.0000e+00
1.0489e+00	8.3915e-01	1.3022e+00	3.1856e-02	0.0000e+00	0.0000e+00
1.2587e+00	8.3915e-01	1.2400e+00	8.8124e-02	0.0000e+00	0.0000e+00
1.4685e+00	8.3915e-01	1.2327e+00	1.4734e-01	0.0000e+00	0.0000e+00
1.6783e+00	8.3915e-01	1.1326e+00	1.9832e-01	0.0000e+00	0.0000e+00
1.8881e+00	8.3915e-01	1.1296e+00	1.9443e-01	0.0000e+00	0.0000e+00
2.0979e+00	8.3915e-01	1.0500e+00	2.0347e-01	0.0000e+00	0.0000e+00
2.3077e+00	8.3915e-01	1.0073e+00	1.7348e-01	0.0000e+00	0.0000e+00
2.5174e+00	8.3915e-01	8.6242e-01	1.7862e-01	1.0000e+00	0.0000e+00
2.7272e+00	8.3915e-01	8.7943e-01	1.4372e-01	0.0000e+00	0.0000e+00
2.9370e+00	8.3915e-01	8.5744e-01	1.1795e-01	0.0000e+00	0.0000e+00
3.1468e+00	8.3915e-01	7.9058e-01	4.7318e-02	0.0000e+00	0.0000e+00
3.3566e+00	8.3915e-01	8.0664e-01	-2.8064e-02	0.0000e+00	0.0000e+00
3.5664e+00	8.3915e-01	7.7596e-01	-8.8617e-02	0.0000e+00	0.0000e+00
3.7762e+00	8.3915e-01	7.6760e-01	-1.1599e-01	0.0000e+00	0.0000e+00
3.9859e+00	8.3915e-01	8.0069e-01	-1.4821e-01	0.0000e+00	0.0000e+00
4.1957e+00	8.3915e-01	7.5926e-01	-1.4998e-01	0.0000e+00	0.0000e+00
4.4055e+00	8.3915e-01	9.1717e-01	-1.9778e-01	0.0000e+00	0.0000e+00
4.6153e+00	8.3915e-01	9.0347e-01	-1.5765e-01	0.0000e+00	0.0000e+00
4.8251e+00	8.3915e-01	9.6201e-01	-8.9246e-02	0.0000e+00	0.0000e+00
5.0349e+00	8.3915e-01	1.0654e+00	-4.2775e-02	0.0000e+00	0.0000e+00
5.2447e+00	8.3915e-01	1.1421e+00	5.3569e-02	0.0000e+00	0.0000e+00
5.4545e+00	8.3915e-01	1.1054e+00	7.7451e-02	0.0000e+00	0.0000e+00
5.6642e+00	8.3915e-01	1.1436e+00	1.5598e-01	0.0000e+00	0.0000e+00
5.8740e+00	8.3915e-01	1.1102e+00	1.7444e-01	0.0000e+00	0.0000e+00
6.0838e+00	8.3915e-01	1.0809e+00	2.2953e-01	0.0000e+00	0.0000e+00
6.2936e+00	8.3915e-01	1.0447e+00	2.6478e-01	0.0000e+00	0.0000e+00
6.5034e+00	8.3915e-01	1.0142e+00	2.6088e-01	0.0000e+00	0.0000e+00
6.7132e+00	8.3915e-01	9.3566e-01	2.5445e-01	0.0000e+00	0.0000e+00
6.9230e+00	8.3915e-01	9.2139e-01	2.2431e-01	1.0000e+00	0.0000e+00
7.1327e+00	8.3915e-01	8.9411e-01	2.0747e-01	0.0000e+00	0.0000e+00
7.3425e+00	8.3915e-01	8.5571e-01	2.2790e-01	0.0000e+00	0.0000e+00
7.5523e+00	8.3915e-01	8.1992e-01	2.3438e-01	0.0000e+00	0.0000e+00
7.7621e+00	8.3915e-01	7.6793e-01	1.9733e-01	0.0000e+00	0.0000e+00
7.9719e+00	8.3915e-01	7.2043e-01	1.3676e-01	0.0000e+00	0.0000e+00
8.1817e+00	8.3915e-01	7.3086e-01	6.5125e-02	0.0000e+00	0.0000e+00
8.3915e+00	8.3915e-01	6.7716e-01	4.6329e-02	0.0000e+00	0.0000e+00
8.6012e+00	8.3915e-01	6.8509e-01	1.9563e-02	0.0000e+00	0.0000e+00
8.8110e+00	8.3915e-01	6.8388e-01	-4.5777e-02	0.0000e+00	0.0000e+00
9.0208e+00	8.3915e-01	6.8571e-01	-1.4286e-01	0.0000e+00	0.0000e+00
9.2306e+00	8.3915e-01	6.9096e-01	-1.7212e-01	0.0000e+00	0.0000e+00
9.4404e+00	8.3915e-01	7.1188e-01	-2.4394e-01	0.0000e+00	0.0000e+00
9.6502e+00	8.3915e-01	7.2437e-01	-2.7133e-01	0.0000e+00	0.0000e+00
9.8600e+00	8.3915e-01	7.3205e-01	-2.7869e-01	0.0000e+00	0.0000e+00
1.0070e+01	8.3915e-01	7.3002e-01	-2.8274e-01	0.0000e+00	0.0000e+00
1.0280e+01	8.3915e-01	7.3803e-01	-3.0027e-01	0.0000e+00	0.0000e+00
1.0489e+01	8.3915e-01	7.7103e-01	-2.9463e-01	0.0000e+00	0.0000e+00
1.0699e+01	8.3915e-01	7.3768e-01	-2.6133e-01	0.0000e+00	0.0000e+00
1.0909e+01	8.3915e-01	7.6654e-01	-2.3501e-01	0.0000e+00	0.0000e+00
1.1119e+01	8.3915e-01	8.1113e-01	-1.8155e-01	0.0000e+00	0.0000e+00
1.1328e+01	8.3915e-01	8.0242e-01	-1.5034e-01	0.0000e+00	0.0000e+00
1.1538e+01	8.3915e-01	8.2737e-01	-7.8476e-02	0.0000e+00	0.0000e+00
1.1748e+01	8.3915e-01	8.3293e-01	1.2557e-02	0.0000e+00	0.0000e+00
1.1958e+01	8.3915e-01	8.5336e-01	1.9396e-02	0.0000e+00	0.0000e+00
1.2168e+01	8.3915e-01	8.5914e-01	8.9730e-02	0.0000e+00	0.0000e+00
1.2377e+01	8.3915e-01	8.8244e-01	1.2808e-01	0.0000e+00	0.0000e+00
1.2587e+01	8.3915e-01	8.5002e-01	1.6584e-01	0.0000e+00	0.0000e+00
1.2797e+01	8.3915e-01	8.7062e-01	1.6491e-01	0.0000e+00	0.0000e+00
1.3007e+01	8.3915e-01	8.6342e-01	1.7622e-01	0.0000e+00	0.0000e+00
1.3217e+01	8.3915e-01	8.6539e-01	1.7067e-01	0.0000e+00	0.0000e+00
1.3426e+01	8.3915e-01	8.8795e-01	1.3529e-01	0.0000e+00	0.0000e+00
1.3636e+01	8.3915e-01	8.4650e-01	1.0832e-01	0.0000e+00	0.0000e+00
1.3846e+01	8.3915e-01	8.2085e-01	1.0544e-01	0.0000e+00	0.0000e+00
1.4056e+01	8.3915e-01	8.4020e-01	9.5582e-02	0.0000e+00	0.0000e+00
1.4265e+01	8.3915e-01	8.0210e-01	6.8682e-02	0.0000e+00	0.0000e+00
1.4475e+01	8.3915e-01	8.2811e-01	4.6474e-02	0.0000e+00	0.0000e+00
1.4685e+01	8.3915e-01	8.2820e-01	4.2677e-02	0.0000e+00	0.0000e+00
1.4895e+01	8.3915e-01	8.0612e-01	3.3613e-03	0.0000e+00	0.0000e+00
1.5105e+01	8.3915e-01	8.2550e-01	2.5035e-02	0.0000e+00	0.0000e+00
1.5314e+01	8.3915e-01	7.8108e-01	-1.0037e-02	0.0000e+00	0.0000e+00
1.5524e+01	8.3915e-01	7.9221e-01	-3.2880e-02	0.0000e+00	0.0000e+00
1.5734e+01	8.3915e-01	8.0615e-01	-4.4195e-02	0.0000e+00	0.0000e+00
1.5944e+01	8.3915e-01	7.5622e-01	-4.8372e-02	0.0000e+00	0.0000e+00
1.6154e+01	8.3915e-01	7.5399e-01	-5.3991e-02	0.0000e+00	0.0000e+00
1.6363e+01	8.3915e-01	7.5604e-01	-6.8545e-02	0.0000e+00	0.0000e+00
1.6573e+01	8.3915e-01	7.6811e-01	-7.5483e-02	0.0000e+00	0.0000e+00
1.6783e+01	8.3915e-01	7.9642e-01	-6.7894e-02	0.0000e+00	0.0000e+00
1.6993e+01	8.3915e-01	7.8869e-01	-7.9890e-02	0.0000e+00	0.0000e+00
1.7202e+01	8.3915e-01	7.9076e-01	-9.5105e-02	0.0000e+00	0.0000e+00
1.7412e+01	8.3915e-01	8.0970e-01	-6.5079e-02	0.0000e+00	0.0000e+00
1.7622e+01	8.3915e-01	8.2325e-01	-4.0895e-02	1.0000e+00	0.0000e+00
1.7832e+01	8.3915e-01	8.2176e-01	-5.7863e-03	0.0000e+00	0.0000e+00
1.8042e+01	8.3915e-01	8.1333e-01	-6.2801e-03	0.0000e+00	0.0000e+00
1.8251e+01	8.3915e-01	8.4871e-01	-2.6914e-03	0.0000e+00	0.0000e+00
1.8461e+01	8.3915e-01	8.3639e-01	2.1011e-02	0.0000e+00	0.0000e+00
1.8671e+01	8.3915e-01	8.7513e-01	4.3338e-03	0.0000e+00	0.0000e+00
1.8881e+01	8.3915e-01	8.2631e-01	-2.6995e-02	0.0000e+00	0.0000e+00
1.9091e+01	8.3915e-01	8.8295e-01	1.4394e-03	0.0000e+00	0.0000e+00
1.9300e+01	8.3915e-01	8.5778e-01	3.3951e-02	0.0000e+00	0.0000e+00
1.9510e+01	8.3915e-01	8.6607e-01	4.4395e-02	0.0000e+00	0.0000e+00
1.9720e+01	8.3915e-01	8.6363e-01	4.8456e-02	0.0000e+00	0.0000e+00
2.0979e-01	6.2936e-01	1.2005e+00	-1.7368e-01	0.0000e+00	0.0000e+00
4.1957e-01	6.2936e-01	1.1989e+00	-1.5200e-01	0.0000e+00	0.0000e+00
6.2936e-01	6.2936e-01	1.2573e+00	-1.9349e-01	0.0000e+00	0.0000e+00
8.3915e-01	6.2936e-01	1.2317e+00	-3.8969e-02	0.0000e+00	0.0000e+00
1.0489e+00	6.2936e-01	1.2319e+00	-6.1886e-03	0.0000e+00	0.0000e+00
1.2587e+00	6.2936e-01	1.1810e+00	7.6944e-02	0.0000e+00	0.0000e+00
1.4685e+00	6.2936e-01	1.1984e+00	9.7527e-02	0.0000e+00	0.0000e+00
1.6783e+00	6.2936e-01	1.1439e+00	1.2027e-01	0.0000e+00	0.0000e+00
1.8881e+00	6.2936e-01	1.0458e+00	1.6226e-01	1.0000e+00	0.0000e+00
2.0979e+00	6.2936e-01	1.0731e+00	1.6341e-01	0.0000e+00	0.0000e+00
2.3077e+00	6.2936e-01	9.9984e-01	1.5636e-01	0.0000e+00	0.0000e+00
2.5174e+00	6.2936e-01	9.8146e-01	1.6625e-01	0.0000e+00	0.0000e+00
2.7272e+00	6.2936e-01	9.2892e-01	1.2022e-01	0.0000e+00	0.0000e+00
2.9370e+00	6.2936e-01	9.0831e-01	2.7419e-02	0.0000e+00	0.0000e+00
3.1468e+00	6.2936e-01	8.7336e-01	1.5506e-03	0.0000e+00	0.0000e+00
3.3566e+00	6.2936e-01	8.0193e-01	-1.4364e-03	1.0000e+00	0.0000e+00
3.5664e+00	6.2936e-01	9.0066e-01	-8.1633e-02	0.0000e+00	0.0000e+00
3.7762e+00	6.2936e-01	9.0999e-01	-1.0348e-01	0.0000e+00	0.0000e+00
3.9859e+00	6.2936e-01	9.3827e-01	-1.0543e-01	0.0000e+00	0.0000e+00
4.1957e+00	6.2936e-01	9.6730e-01	-1.5669e-01	0.0000e+00	0.0000e+00
4.4055e+00	6.2936e-01	1.0206e+00	-1.5048e-01	0.0000e+00	0.0000e+00
4.6153e+00	6.2936e-01	1.0860e+00	-1.4187e-01	0.0000e+00	0.0000e+00
4.8251e+00	6.2936e-01	1.0922e+00	-9.7933e-02	0.0000e+00	0.0000e+00
5.0349e+00	6.2936e-01	1.1156e+00	-2.6679e-02	0.0000e+00	0.0000e+00
5.2447e+00	6.2936e-01	1.1676e+00	5.4366e-02	0.0000e+00	0.0000e+00
5.4545e+00	6.2936e-01	1.1693e+00	1.0161e-01	0.0000e+00	0.0000e+00
5.6642e+00	6.2936e-01	1.1146e+00	1.3577e-01	0.0000e+00	0.0000e+00
5.8740e+00	6.2936e-01	1.0925e+00	1.8535e-01	0.0000e+00	0.0000e+00
6.0838e+00	6.2936e-01	1.0696e+00	2.0985e-01	0.0000e+00	0.0000e+00
6.2936e+00	6.2936e-01	1.0562e+00	2.0572e-01	0.0000e+00	0.0000e+00
6.5034e+00	6.2936e-01	9.9252e-01	1.7907e-01	0.0000e+00	0.0000e+00
6.7132e+00	6.2936e-01	9.8582e-01	1.7793e-01	0.0000e+00	0.0000e+00
6.9230e+00	6.2936e-01	9.2550e-01	1.5344e-01	0.0000e+00	0.0000e+00
7.1327e+00	6.2936e-01	9.0503e-01	1.6703e-01	0.0000e+00	0.0000e+00
7.3425e+00	6.2936e-01	9.1694e-01	1.5056e-01	0.0000e+00	0.0000e+00
7.5523e+00	6.2936e-01	8.2650e-01	1.4660e-01	0.0000e+00	0.0000e+00
7.7621e+00	6.2936e-01	8.2852e-01	1.6208e-01	0.0000e+00	0.0000e+00
7.9719e+00	6.2936e-01	7.5101e-01	1.1342e-01	0.0000e+00	0.0000e+00
8.1817e+00	6.2936e-01	7.5298e-01	1.0407e-01	0.0000e+00	0.0000e+00
8.3915e+00	6.2936e-01	7.1403e-01	6.3997e-02	0.0000e+00	0.0000e+00
8.6012e+00	6.2936e-01	6.9982e-01	-8.9235e-03	0.0000e+00	0.0000e+00
8.8110e+00	6.2936e-01	7.1007e-01	-6.6420e-02	0.0000e+00	0.0000e+00
9.0208e+00	6.2936e-01	7.1199e-01	-1.1200e-01	0.0000e+00	0.0000e+00
9.2306e+00	6.2936e-01	7.0423e-01	-1.5170e-01	0.0000e+00	0.0000e+00
9.4404e+00	6.2936e-01	7.4451e-01	-2.2274e-01	0.0000e+00	0.0000e+00
9.6502e+00	6.2936e-01	7.4945e-01	-2.4207e-01	0.0000e+00	0.0000e+00
9.8600e+00	6.2936e-01	7.7491e-01	-2.6824e-01	0.0000e+00	0.0000e+00
1.0070e+01	6.2936e-01	7.6209e-01	-2.8523e-01	0.0000e+00	0.0000e+00
1.0280e+01	6.2936e-01	8.0556e-01	-2.8225e-01	0.0000e+00	0.0000e+00
1.0489e+01	6.2936e-01	8.0778e-01	-2.6217e-01	0.0000e+00	0.0000e+00
1.0699e+01	6.2936e-01	8.4817e-01	-2.5236e-01	0.0000e+00	0.0000e+00
1.0909e+01	6.2936e-01	8.2972e-01	-2.4365e-01	0.0000e+00	0.0000e+00
1.1119e+01	6.2936e-01	8.6631e-01	-1.8039e-01	0.0000e+00	0.0000e+00
1.1328e+01	6.2936e-01	8.9477e-01	-1.2314e-01	0.0000e+00	0.0000e+00
1.1538e+01	6.2936e-01	8.9559e-01	-5.0782e-02	0.0000e+00	0.0000e+00
1.1748e+01	6.2936e-01	9.0469e-01	-6.2948e-03	0.0000e+00	0.0000e+00
1.1958e+01	6.2936e-01	9.0509e-01	1.5953e-02	0.0000e+00	0.0000e+00
1.2168e+01	6.2936e-01	9.1856e-01	8.7652e-02	0.0000e+00	0.0000e+00
1.2377e+01	6.2936e-01	9.2982e-01	1.2260e-01	0.0000e+00	0.0000e+00
1.2587e+01	6.2936e-01	8.9451e-01	1.4792e-01	0.0000e+00	0.0000e+00
1.2797e+01	6.2936e-01	8.9134e-01	1.7875e-01	0.0000e+00	0.0000e+00
1.3007e+01	6.2936e-01	9.1639e-01	1.6140e-01	0.0000e+00	0.0000e+00
1.3217e+01	6.2936e-01	8.7871e-01	1.3532e-01	0.0000e+00	0.0000e+00
1.3426e+01	6.2936e-01	8.7280e-01	1.2508e-01	0.0000e+00	0.0000e+00
1.3636e+01	6.2936e-01	8.8390e-01	1.0332e-01	0.0000e+00	0.0000e+00
1.3846e+01	6.2936e-01	8.6043e-01	1.1451e-01	0.0000e+00	0.0000e+00
1.4056e+01	6.2936e-01	9.1017e-01	9.7056e-02	0.0000e+00	0.0000e+00
1.4265e+01	6.2936e-01	8.7284e-01	8.5831e-02	0.0000e+00	0.0000e+00
1.4475e+01	6.2936e-01	8.4245e-01	1.0599e-01	0.0000e+00	0.0000e+00
1.4685e+01	6.2936e-01	8.4995e-01	3.4784e-02	0.0000e+00	0.0000e+00
1.4895e+01	6.2936e-01	8.1578e-01	7.8233e-03	0.0000e+00	0.0000e+00
1.5105e+01	6.2936e-01	8.3234e-01	3.8805e-02	0.0000e+00	0.0000e+00
1.5314e+01	6.2936e-01	8.0820e-01	6.1556e-03	0.0000e+00	0.0000e+00
1.5524e+01	6.2936e-01	8.3837e-01	-1.8617e-02	0.0000e+00	0.0000e+00
1.5734e+01	6.2936e-01	8.0478e-01	-1.5355e-02	0.0000e+00	0.0000e+00
1.5944e+01	6.2936e-01	8.2148e-01	-4.0538e-02	0.0000e+00	0.0000e+00
1.6154e+01	6.2936e-01	8.1153e-01	-5.4666e-02	0.0000e+00	0.0000e+00
1.6363e+01	6.2936e-01	8.4346e-01	-4.0191e-02	0.0000e+00	0.0000e+00
1.6573e+01	6.2936e-01	7.9686e-01	-6.2954e-02	0.0000e+00	0.0000e+00
1.6783e+01	6.2936e-01	8.1673e-01	-5.7740e-02	0.0000e+00	0.0000e+00
1.6993e+01	6.2936e-01	8.1841e-01	-5.2403e-02	0.0000e+00	0.0000e+00
1.7202e+01	6.2936e-01	8.1941e-01	-6.9167e-02	0.0000e+00	0.0000e+00
1.7412e+01	6.2936e-01	8.4759e-01	-4.3243e-02	0.0000e+00	0.0000e+00
1.7622e+01	6.2936e-01	8.7426e-01	-4.9695e-02	0.0000e+00	0.0000e+00
1.7832e+01	6.2936e-01	8.6913e-01	-2.9876e-02	0.0000e+00	0.0000e+00
1.8042e+01	6.2936e-01	8.7264e-01	5.3177e-03	0.0000e+00	0.0000e+00
1.8251e+01	6.2936e-01	9.0114e-01	-6.1554e-03	0.0000e+00	0.0000e+00
1.8461e+01	6.2936e-01	8.7148e-01	-1.5975e-03	0.0000e+00	0.0000e+00
1.8671e+01	6.2936e-01	8.9360e-01	4.0761e-02	0.0000e+00	0.0000e+00
1.8881e+01	6.2936e-01	8.5651e-01	2.5260e-02	0.0000e+00	0.0000e+00
1.9091e+01	6.2936e-01	8.9601e-01	2.5897e-02	0.0000e+00	0.0000e+00
1.9300e+01	6.2936e-01	9.0775e-01	2.6937e-02	0.0000e+00	0.0000e+00
1.9510e+01	6.2936e-01	8.7111e-01	2.2318e-02	1.0000e+00	0.0000e+00
1.9720e+01	6.2936e-01	9.1052e-01	2.8084e-02	0.0000e+00	0.0000e+00
2.0979e-01	4.1957e-01	1.1406e+00	-1.1571e-01	0.0000e+00	0.0000e+00
4.1957e-01	4.1957e-01	1.2151e+00	-7.8659e-02	1.0000e+00	0.0000e+00
6.2936e-01	4.1957e-01	1.2092e+00	-5.4066e-02	1.0000e+00	0.0000e+00
8.3915e-01	4.1957e-01	1.1650e+00	-5.7830e-02	0.0000e+00	0.0000e+00
1.0489e+00	4.1957e-01	1.1988e+00	-3.9851e-02	0.0000e+00	0.0000e+00
1.2587e+00	4.1957e-01	1.1252e+00	3.1608e-02	0.0000e+00	0.0000e+00
1.4685e+00	4.1957e-01	1.1576e+00	4.7705e-02	0.0000e+00	0.0000e+00
1.6783e+00	4.1957e-01	1.1422e+00	6.3842e-02	0.0000e+00	0.0000e+00
1.8881e+00	4.1957e-01	1.0857e+00	1.4271e-01	1.0000e+00	0.0000e+00
2.0979e+00	4.1957e-01	1.0592e+00	1.4631e-01	0.0000e+00	0.0000e+00
2.3077e+00	4.1957e-01	1.0264e+00	1.1738e-01	0.0000e+00	0.0000e+00
2.5174e+00	4.1957e-01	9.8748e-01	1.2862e-01	0.0000e+00	0.0000e+00
2.7272e+00	4.1957e-01	9.8669e-01	1.0190e-01	0.0000e+00	0.0000e+00
2.9370e+00	4.1957e-01	9.5266e-01	3.4720e-02	0.0000e+00	0.0000e+00
3.1468e+00	4.1957e-01	9.0080e-01	1.8198e-02	0.0000e+00	0.0000e+00
3.3566e+00	4.1957e-01	9.0297e-01	-9.5531e-03	0.0000e+00	0.0000e+00
3.5664e+00	4.1957e-01	9.5954e-01	-3.8486e-02	0.0000e+00	0.0000e+00
3.7762e+00	4.1957e-01	9.6492e-01	-8.9997e-02	0.0000e+00	0.0000e+00
3.9859e+00	4.1957e-01	1.0207e+00	-9.2716e-02	0.0000e+00	0.0000e+00
4.1957e+00	4.1957e-01	1.0103e+00	-1.0807e-01	0.0000e+00	0.0000e+00
4.4055e+00	4.1957e-01	1.0696e+00	-7.1637e-02	0.0000e+00	0.0000e+00
4.6153e+00	4.1957e-01	1.1202e+00	-5.6998e-02	0.0000e+00	0.0000e+00
4.8251e+00	4.1957e-01	1.1210e+00	-2.2128e-02	0.0000e+00	0.0000e+00
5.0349e+00	4.1957e-01	1.1187e+00	1.5904e-02	0.0000e+00	0.0000e+00
5.2447e+00	4.1957e-01	1.1666e+00	4.1159e-02	0.0000e+00	0.0000e+00
5.4545e+00	4.1957e-01	1.1511e+00	1.0144e-01	0.0000e+00	0.0000e+00
5.6642e+00	4.1957e-01	1.1164e+00	1.2134e-01	0.0000e+00	0.0000e+00
5.8740e+00	4.1957e-01	1.1285e+00	1.6151e-01	0.0000e+00	0.0000e+00
6.0838e+00	4.1957e-01	1.0538e+00	1.4019e-01	0.0000e+00	0.0000e+00
6.2936e+00	4.1957e-01	1.0490e+00	1.7415e-01	0.0000e+00	0.0000e+00
6.5034e+00	4.1957e-01	9.8406e-01	1.9121e-01	0.0000e+00	0.0000e+00
6.7132e+00	4.1957e-01	9.9370e-01	1.9093e-01	0.0000e+00	0.0000e+00
6.9230e+00	4.1957e-01	9.8891e-01	1.3583e-01	0.0000e+00	0.0000e+00
7.1327e+00	4.1957e-01	9.1702e-01	1.7790e-01	0.0000e+00	0.0000e+00
7.3425e+00	4.1957e-01	8.9862e-01	1.4118e-01	0.0000e+00	0.0000e+00
7.5523e+00	4.1957e-01	8.4144e-01	1.3284e-01	0.0000e+00	0.0000e+00
7.7621e+00	4.1957e-01	8.4235e-01	1.2537e-01	0.0000e+00	0.0000e+00
7.9719e+00	4.1957e-01	8.1631e-01	6.7316e-02	0.0000e+00	0.0000e+00
8.1817e+00	4.1957e-01	7.7168e-01	8.8167e-02	0.0000e+00	0.0000e+00
8.3915e+00	4.1957e-01	7.4085e-01	2.5209e-02	0.0000e+00	0.0000e+00
8.6012e+00	4.1957e-01	7.2710e-01	-4.3804e-02	0.0000e+00	0.0000e+00
8.8110e+00	4.1957e-01	7.4778e-01	-7.1748e-02	0.0000e+00	0.0000e+00
9.0208e+00	4.1957e-01	7.2132e-01	-9.3810e-02	0.0000e+00	0.0000e+00
9.2306e+00	4.1957e-01	7.1648e-01	-1.6323e-01	0.0000e+00	0.0000e+00
9.4404e+00	4.1957e-01	7.5584e-01	-2.0102e-01	0.0000e+00	0.0000e+00
9.6502e+00	4.1957e-01	7.6296e-01	-2.2255e-01	0.0000e+00	0.0000e+00
9.8600e+00	4.1957e-01	7.8764e-01	-2.3377e-01	0.0000e+00	0.0000e+00
1.0070e+01	4.1957e-01	7.7923e-01	-2.7063e-01	0.0000e+00	0.0000e+00
1.0280e+01	4.1957e-01	8.2822e-01	-2.3562e-01	0.0000e+00	0.0000e+00
1.0489e+01	4.1957e-01	8.2372e-01	-2.4409e-01	0.0000e+00	0.0000e+00
1.0699e+01	4.1957e-01	8.6786e-01	-2.6638e-01	0.0000e+00	0.0000e+00
1.0909e+01	4.1957e-01	8.9115e-01	-2.3224e-01	0.0000e+00	0.0000e+00
1.1119e+01	4.1957e-01	9.2445e-01	-1.7826e-01	0.0000e+00	0.0000e+00
1.1328e+01	4.1957e-01	9.4462e-01	-1.2087e-01	0.0000e+00	0.0000e+00
1.1538e+01	4.1957e-01	9.4838e-01	-3.5534e-02	0.0000e+00	0.0000e+00
1.1748e+01	4.1957e-01	9.4971e-01	-2.4585e-02	0.0000e+00	0.0000e+00
1.1958e+01	4.1957e-01	9.8694e-01	9.2572e-03	0.0000e+00	0.0000e+00
1.2168e+01	4.1957e-01	9.4553e-01	7.9513e-02	0.0000e+00	0.0000e+00
1.2377e+01	4.1957e-01	9.3927e-01	1.1806e-01	0.0000e+00	0.0000e+00
1.2587e+01	4.1957e-01	9.7073e-01	1.5966e-01	0.0000e+00	0.0000e+00
1.2797e+01	4.1957e-01	9.3276e-01	1.2258e-01	0.0000e+00	0.0000e+00
1.3007e+01	4.1957e-01	9.1666e-01	1.1682e-01	0.0000e+00	0.0000e+00
1.3217e+01	4.1957e-01	9.1895e-01	1.2485e-01	0.0000e+00	0.0000e+00
1.3426e+01	4.1957e-01	9.3655e-01	1.4932e-01	0.0000e+00	0.0000e+00
1.3636e+01	4.1957e-01	9.1770e-01	1.3823e-01	0.0000e+00	0.0000e+00
1.3846e+01	4.1957e-01	8.9466e-01	9.7442e-02	0.0000e+00	0.0000e+00
1.4056e+01	4.1957e-01	8.9691e-01	5.1365e-02	0.0000e+00	0.0000e+00
1.4265e+01	4.1957e-01	9.1259e-01	7.9104e-02	0.0000e+00	0.0000e+00
1.4475e+01	4.1957e-01	9.0480e-01	3.8547e-02	0.0000e+00	0.0000e+00
1.4685e+01	4.1957e-01	8.4289e-01	3.4305e-02	0.0000e+00	0.0000e+00
1.4895e+01	4.1957e-01	8.6299e-01	-3.0031e-03	0.0000e+00	0.0000e+00
1.5105e+01	4.1957e-01	8.3823e-01	1.6141e-02	0.0000e+00	0.0000e+00
1.5314e+01	4.1957e-01	8.5836e-01	5.2379e-03	0.0000e+00	0.0000e+00
1.5524e+01	4.1957e-01	8.9097e-01	-1.0777e-02	0.0000e+00	0.0000e+00
1.5734e+01	4.1957e-01	8.1483e-01	-3.2478e-02	0.0000e+00	0.0000e+00
1.5944e+01	4.1957e-01	8.3417e-01	-7.8348e-02	0.0000e+00	0.0000e+00
1.6154e+01	4.1957e-01	8.5613e-01	-4.5124e-02	0.0000e+00	0.0000e+00
1.6363e+01	4.1957e-01	8.6640e-01	-8.7278e-02	0.0000e+00	0.0000e+00
1.6573e+01	4.1957e-01	8.5074e-01	-9.4573e-02	0.0000e+00	0.0000e+00
1.6783e+01	4.1957e-01	8.6980e-01	-6.7244e-02	0.0000e+00	0.0000e+00
1.6993e+01	4.1957e-01	8.5830e-01	-3.5016e-02	0.0000e+00	0.0000e+00
1.7202e+01	4.1957e-01	8.8621e-01	-7.7502e-02	0.0000e+00	0.0000e+00
1.7412e+01	4.1957e-01	8.9394e-01	-3.5904e-02	0.0000e+00	0.0000e+00
1.7622e+01	4.1957e-01	8.9798e-01	-6.6837e-03	0.0000e+00	0.0000e+00
1.7832e+01	4.1957e-01	8.9594e-01	3.3351e-03	0.0000e+00	0.0000e+00
1.8042e+01	4.1957e-01	8.9000e-01	-3.1644e-02	0.0000e+00	0.0000e+00
1.8251e+01	4.1957e-01	9.0752e-01	1.0832e-02	0.0000e+00	0.0000e+00
1.8461e+01	4.1957e-01	9.2268e-01	1.4544e-02	0.0000e+00	0.0000e+00
1.8671e+01	4.1957e-01	8.8881e-01	8.4899e-03	0.0000e+00	0.0000e+00
1.8881e+01	4.1957e-01	9.3040e-01	1.3383e-02	0.0000e+00	0.0000e+00
1.9091e+01	4.1957e-01	8.8738e-01	2.1997e-02	1.0000e+00	0.0000e+00
1.9300e+01	4.1957e-01	9.2238e-01	4.3484e-02	0.0000e+00	0.0000e+00
1.9510e+01	4.1957e-01	9.3087e-01	8.5519e-03	0.0000e+00	0.0000e+00
1.9720e+01	4.1957e-01	9.6152e-01	3.4799e-02	0.0000e+00	0.0000e+00
2.0979e-01	2.0979e-01	1.1240e+00	-9.0765e-02	0.0000e+00	0.0000e+00
4.1957e-01	2.0979e-01	1.1953e+00	-9.2108e-02	0.0000e+00	0.0000e+00
6.2936e-01	2.0979e-01	1.1585e+00	-4.2741e-02	0.0000e+00	0.0000e+00
8.3915e-01	2.0979e-01	1.1409e+00	-3.6283e-02	0.0000e+00	0.0000e+00
1.0489e+00	2.0979e-01	1.1576e+00	-5.8287e-03	0.0000e+00	0.0000e+00
1.2587e+00	2.0979e-01	1.1530e+00	4.2091e-02	0.0000e+00	0.0000e+00
1.4685e+00	2.0979e-01	1.1494e+00	6.1711e-02	0.0000e+00	0.0000e+00
1.6783e+00	2.0979e-01	1.1169e+00	6.1111e-02	0.0000e+00	0.0000e+00
1.8881e+00	2.0979e-01	1.1235e+00	8.1431e-02	0.0000e+00	0.0000e+00
2.0979e+00	2.0979e-01	1.0801e+00	1.2737e-01	0.0000e+00	0.0000e+00
2.3077e+00	2.0979e-01	1.0299e+00	9.5209e-02	0.0000e+00	0.0000e+00
2.5174e+00	2.0979e-01	1.0228e+00	8.1145e-02	0.0000e+00	0.0000e+00
2.7272e+00	2.0979e-01	1.0369e+00	1.0111e-01	0.0000e+00	0.0000e+00
2.9370e+00	2.0979e-01	9.6587e-01	9.9875e-04	0.0000e+00	0.0000e+00
3.1468e+00	2.0979e-01	9.8765e-01	-1.1874e-02	0.0000e+00	0.0000e+00
3.3566e+00	2.0979e-01	9.6099e-01	-2.4682e-03	0.0000e+00	0.0000e+00
3.5664e+00	2.0979e-01	1.0027e+00	-6.4637e-03	0.0000e+00	0.0000e+00
3.7762e+00	2.0979e-01	1.0003e+00	-7.2676e-02	0.0000e+00	0.0000e+00
3.9859e+00	2.0979e-01	1.0308e+00	-6.1387e-02	0.0000e+00	0.0000e+00
4.1957e+00	2.0979e-01	1.0647e+00	-7.5456e-02	0.0000e+00	0.0000e+00
4.4055e+00	2.0979e-01	1.0692e+00	-6.2747e-02	0.0000e+00	0.0000e+00
4.6153e+00	2.0979e-01	1.0964e+00	-4.3412e-02	0.0000e+00	0.0000e+00
4.8251e+00	2.0979e-01	1.1282e+00	-3.5776e-02	0.0000e+00	0.0000e+00
5.0349e+00	2.0979e-01	1.0768e+00	-2.2109e-02	0.0000e+00	0.0000e+00
5.2447e+00	2.0979e-01	1.1207e+00	5.9498e-02	0.0000e+00	0.0000e+00
5.4545e+00	2.0979e-01	1.1035e+00	6.3711e-02	0.0000e+00	0.0000e+00
5.6642e+00	2.0979e-01	1.1148e+00	7.7885e-02	0.0000e+00	0.0000e+00
5.8740e+00	2.0979e-01	1.1165e+00	1.4364e-01	0.0000e+00	0.0000e+00
6.0838e+00	2.0979e-01	1.0301e+00	1.5720e-01	0.0000e+00	0.0000e+00
6.2936e+00	2.0979e-01	1.0551e+00	1.2781e-01	0.0000e+00	0.0000e+00
6.5034e+00	2.0979e-01	1.0147e+00	1.2182e-01	0.0000e+00	0.0000e+00
6.7132e+00	2.0979e-01	9.7535e-01	1.2132e-01	0.0000e+00	0.0000e+00
6.9230e+00	2.0979e-01	9.7213e-01	1.1504e-01	0.0000e+00	0.0000e+00
7.1327e+00	2.0979e-01	9.4045e-01	1.5691e-01	0.0000e+00	0.0000e+00
7.3425e+00	2.0979e-01	8.9103e-01	1.1499e-01	0.0000e+00	0.0000e+00
7.5523e+00	2.0979e-01	8.8472e-01	9.3742e-02	0.0000e+00	0.0000e+00
7.7621e+00	2.0979e-01	8.4713e-01	9.3628e-02	0.0000e+00	0.0000e+00
7.9719e+00	2.0979e-01	8.1763e-01	6.6677e-02	0.0000e+00	0.0000e+00
8.1817e+00	2.0979e-01	8.2820e-01	3.1466e-02	0.0000e+00	0.0000e+00
8.3915e+00	2.0979e-01	7.5829e-01	4.4201e-03	0.0000e+00	0.0000e+00
8.6012e+00	2.0979e-01	7.7442e-01	-2.7314e-02	0.0000e+00	0.0000e+00
8.8110e+00	2.0979e-01	7.5935e-01	-7.5185e-02	0.0000e+00	0.0000e+00
9.0208e+00	2.0979e-01	7.5486e-01	-1.1605e-01	0.0000e+00	0.0000e+00
9.2306e+00	2.0979e-01	7.6123e-01	-1.4681e-01	0.0000e+00	0.0000e+00
9.4404e+00	2.0979e-01	7.7395e-01	-1.8914e-01	0.0000e+00	0.0000e+00
9.6502e+00	2.0979e-01	7.8039e-01	-2.0450e-01	0.0000e+00	0.0000e+00
9.8600e+00	2.0979e-01	7.6966e-01	-2.3665e-01	1.0000e+00	0.0000e+00
1.0070e+01	2.0979e-01	8.5684e-01	-2.7302e-01	0.0000e+00	0.0000e+00
1.0280e+01	2.0979e-01	8.4445e-01	-2.2069e-01	0.0000e+00	0.0000e+00
1.0489e+01	2.0979e-01	8.6312e-01	-2.2634e-01	0.0000e+00	0.0000e+00
1.0699e+01	2.0979e-01	8.8864e-01	-2.5043e-01	0.0000e+00	0.0000e+00
1.0909e+01	2.0979e-01	9.2690e-01	-1.8005e-01	0.0000e+00	0.0000e+00
1.1119e+01	2.0979e-01	9.4955e-01	-1.2680e-01	0.0000e+00	0.0000e+00
1.1328e+01	2.0979e-01	9.5928e-01	-6.0800e-02	0.0000e+00	0.0000e+00
1.1538e+01	2.0979e-01	9.7859e-01	-5.1529e-02	0.0000e+00	0.0000e+00
1.1748e+01	2.0979e-01	9.9928e-01	-1.1823e-03	0.0000e+00	0.0000e+00
1.1958e+01	2.0979e-01	9.9457e-01	4.2970e-02	0.0000e+00	0.0000e+00
1.2168e+01	2.0979e-01	1.0098e+00	9.2157e-02	0.0000e+00	0.0000e+00
1.2377e+01	2.0979e-01	9.7344e-01	1.2701e-01	0.0000e+00	0.0000e+00
1.2587e+01	2.0979e-01	9.8955e-01	1.1374e-01	0.0000e+00	0.0000e+00
1.2797e+01	2.0979e-01	9.8490e-01	1.4320e-01	0.0000e+00	0.0000e+00
1.3007e+01	2.0979e-01	9.8146e-01	1.6546e-01	0.0000e+00	0.0000e+00
1.3217e+01	2.0979e-01	9.6848e-01	1.5335e-01	0.0000e+00	0.0000e+00
1.3426e+01	2.0979e-01	9.4458e-01	1.6170e-01	0.0000e+00	0.0000e+00
1.3636e+01	2.0979e-01	9.6555e-01	1.1214e-01	0.0000e+00	0.0000e+00
1.3846e+01	2.0979e-01	8.9058e-01	9.9849e-02	1.0000e+00	0.0000e+00
1.4056e+01	2.0979e-01	9.0699e-01	3.0257e-02	0.0000e+00	0.0000e+00
1.4265e+01	2.0979e-01	9.1701e-01	4.2910e-02	0.0000e+00	0.0000e+00
1.4475e+01	2.0979e-01	9.4853e-01	1.9146e-02	0.0000e+00	0.0000e+00
1.4685e+01	2.0979e-01	8.9668e-01	2.6514e-03	0.0000e+00	0.0000e+00
1.4895e+01	2.0979e-01	8.8498e-01	1.2991e-02	0.0000e+00	0.0000e+00
1.5105e+01	2.0979e-01	8.9616e-01	7.3063e-03	0.0000e+00	0.0000e+00
1.5314e+01	2.0979e-01	8.7899e-01	-2.6159e-02	0.0000e+00	0.0000e+00
1.5524e+01	2.0979e-01	8.8142e-01	-3.5650e-02	0.0000e+00	0.0000e+00
1.5734e+01	2.0979e-01	9.1206e-01	-6.7251e-02	0.0000e+00	0.0000e+00
1.5944e+01	2.0979e-01	8.8402e-01	-6.0713e-02	0.0000e+00	0.0000e+00
1.6154e+01	2.0979e-01	8.7629e-01	-4.7082e-02	0.0000e+00	0.0000e+00
1.6363e+01	2.0979e-01	8.9136e-01	-5.5863e-02	0.0000e+00	0.0000e+00
1.6573e+01	2.0979e-01	9.2726e-01	-7.3119e-02	0.0000e+00	0.0000e+00
1.6783e+01	2.0979e-01	9.2284e-01	-1.3616e-02	0.0000e+00	0.0000e+00
1.6993e+01	2.0979e-01	9.0709e-01	-3.8586e-02	0.0000e+00	0.0000e+00
1.7202e+01	2.0979e-01	9.1021e-01	-4.0216e-02	0.0000e+00	0.0000e+00
1.7412e+01	2.0979e-01	8.8835e-01	-2.1823e-02	0.0000e+00	0.0000e+00
1.7622e+01	2.0979e-01	9.3896e-01	-4.9511e-02	0.0000e+00	0.0000e+00
1.7832e+01	2.0979e-01	9.3176e-01	1.9737e-02	0.0000e+00	0.0000e+00
1.8042e+01	2.0979e-01	9.4518e-01	-3.6674e-03	0.0000e+00	0.0000e+00
1.8251e+01	2.0979e-01	9.4839e-01	1.4365e-02	0.0000e+00	0.0000e+00
1.8461e+01	2.0979e-01	9.3417e-01	3.9825e-02	0.0000e+00	0.0000e+00
1.8671e+01	2.0979e-01	9.7060e-01	7.2202e-03	0.0000e+00	0.0000e+00
1.8881e+01	2.0979e-01	8.9951e-01	1.8960e-02	1.0000e+00	0.0000e+00
1.9091e+01	2.0979e-01	9.5631e-01	3.1939e-02	0.0000e+00	0.0000e+00
1.9300e+01	2.0979e-01	9.4686e-01	5.8532e-02	0.0000e+00	0.0000e+00
1.9510e+01	2.0979e-01	9.4573e-01	2.8812e-02	0.0000e+00	0.0000e+00
1.9720e+01	2.0979e-01	9.8858e-01	3.3927e-02	0.0000e+00	0.0000e+00
